,filename,group,sex,mouse,4hour,Left_Poke_Count,Right_Poke_Count,active_bias
0,SHI_C144_M0_FED004_061120_01.CSV,SHI,M,C144_M0,1,2,5,0.2857142857142857
1,SHI_C144_M0_FED004_061220_01.CSV,SHI,M,C144_M0,1,6,9,0.4
2,SHI_C144_M0_FED004_061320_01.CSV,SHI,M,C144_M0,2,7,4,0.6363636363636364
3,SHI_C144_M0_FED004_061420_01.CSV,SHI,M,C144_M0,3,11,6,0.6470588235294118
4,SHI_C144_M0_FED004_061720_01.CSV,SHI,M,C144_M0,7,10,3,0.7692307692307693
5,SHI_C144_M0_FED004_061820_01.CSV,SHI,M,C144_M0,7,16,7,0.6956521739130435
6,SHI_C144_M0_FED004_061920_01.CSV,SHI,M,C144_M0,8,14,6,0.7
7,SHI_C144_M0_FED004_062020_01.CSV,SHI,M,C144_M0,9,15,6,0.7142857142857143
8,SHI_C144_M0_FED004_062120_01.CSV,SHI,M,C144_M0,10,13,3,0.8125
9,SHI_C144_M0_FED004_062420_01.CSV,SHI,M,C144_M0,13,9,8,0.5294117647058824
10,SHI_C144_M0_FED004_062520_01.CSV,SHI,M,C144_M0,14,14,4,0.7777777777777778
11,SHI_C144_M0_FED004_062620_01.CSV,SHI,M,C144_M0,15,16,8,0.6666666666666666
12,SHI_C144_M0_FED004_063020_01.CSV,SHI,M,C144_M0,19,12,4,0.75
13,SHI_C144_M0_FED004_070220_01.CSV,SHI,M,C144_M0,21,16,5,0.7619047619047619
14,SHI_C144_M0_FED004_070320_01.CSV,SHI,M,C144_M0,22,17,4,0.8095238095238095
15,SHI_C144_M0_FED004_070420_01.CSV,SHI,M,C144_M0,23,21,3,0.875
16,SHI_C144_M0_FED004_070520_01.CSV,SHI,M,C144_M0,24,16,5,0.7619047619047619
17,SHI_C144_M0_FED004_070720_01.CSV,SHI,M,C144_M0,26,17,3,0.85
18,SHI_C144_M0_FED004_070820_01.CSV,SHI,M,C144_M0,27,16,2,0.8888888888888888
19,SHI_C144_M0_FED004_070820_01.CSV,SHI,M,C144_M0,28,18,2,0.9
20,SHI_C144_M0_FED004_070920_01.CSV,SHI,M,C144_M0,28,14,1,0.9333333333333333
21,SHI_C144_M0_FED004_070920_01.CSV,SHI,M,C144_M0,29,20,2,0.9090909090909091
22,SHI_C144_M0_FED004_071020_01.CSV,SHI,M,C144_M0,29,20,2,0.9090909090909091
23,SHI_C144_M0_FED004_071120_01.CSV,SHI,M,C144_M0,30,14,4,0.7777777777777778
24,SHI_C144_M0_FED004_071120_01.CSV,SHI,M,C144_M0,31,19,4,0.8260869565217391
25,SHI_C144_M0_FED004_071220_01.CSV,SHI,M,C144_M0,31,22,4,0.8461538461538461
26,SHI_C144_M0_FED004_071420_01.CSV,SHI,M,C144_M0,33,13,1,0.9285714285714286
27,SHI_C144_M0_FED004_071420_01.CSV,SHI,M,C144_M0,34,16,1,0.9411764705882353
28,SHI_C144_M0_FED004_071520_01.CSV,SHI,M,C144_M0,35,22,7,0.7586206896551724
29,SHI_C144_M0_FED004_071620_01.CSV,SHI,M,C144_M0,35,13,2,0.8666666666666667
30,SHI_C144_M0_FED004_071620_01.CSV,SHI,M,C144_M0,36,18,2,0.9
31,SHI_C144_M0_FED004_071720_01.CSV,SHI,M,C144_M0,36,16,2,0.8888888888888888
32,SHI_C144_M0_FED004_071720_01.CSV,SHI,M,C144_M0,37,23,2,0.92
33,SHI_C144_M0_FED004_071820_01.CSV,SHI,M,C144_M0,38,26,4,0.8666666666666667
34,SHI_C144_M0_FED004_071920_01.CSV,SHI,M,C144_M0,38,16,3,0.8421052631578947
35,SHI_C144_M0_FED004_072120_01.CSV,SHI,M,C144_M0,40,18,1,0.9473684210526315
36,SHI_C144_M0_FED004_072120_01.CSV,SHI,M,C144_M0,41,21,1,0.9545454545454546
37,SHI_C144_M0_FED004_072320_01.CSV,SHI,M,C144_M0,42,6,1,0.8571428571428571
38,SHI_C144_M0_FED004_072320_01.CSV,SHI,M,C144_M0,43,17,1,0.9444444444444444
39,SHI_C144_M0_FED004_072420_01.CSV,SHI,M,C144_M0,43,3,1,0.75
40,SHI_C144_M0_FED004_072420_01.CSV,SHI,M,C144_M0,44,22,4,0.8461538461538461
41,SHI_C144_M0_FED004_072520_01.CSV,SHI,M,C144_M0,45,28,9,0.7567567567567568
42,SHI_C144_M0_FED004_072620_01.CSV,SHI,M,C144_M0,45,8,2,0.8
43,SHI_C144_M0_FED004_072620_01.CSV,SHI,M,C144_M0,46,17,2,0.8947368421052632
44,SHI_C144_M0_FED004_072720_01.CSV,SHI,M,C144_M0,46,19,2,0.9047619047619048
45,SHI_C144_M1_FED006_061120_01.CSV,SHI,M,C144_M1,1,1,5,0.16666666666666666
46,SHI_C144_M1_FED006_062620_01.CSV,SHI,M,C144_M1,15,13,2,0.8666666666666667
47,SHI_C144_M1_FED006_063020_01.CSV,SHI,M,C144_M1,19,13,7,0.65
48,SHI_C144_M1_FED006_070220_01.CSV,SHI,M,C144_M1,21,11,2,0.8461538461538461
49,SHI_C144_M1_FED006_070320_01.CSV,SHI,M,C144_M1,22,13,3,0.8125
50,SHI_C144_M1_FED006_070420_01.CSV,SHI,M,C144_M1,23,16,2,0.8888888888888888
51,SHI_C144_M1_FED006_070520_01.CSV,SHI,M,C144_M1,24,16,5,0.7619047619047619
52,SHI_C144_M1_FED006_070720_01.CSV,SHI,M,C144_M1,26,12,2,0.8571428571428571
53,SHI_C144_M1_FED006_070820_01.CSV,SHI,M,C144_M1,27,7,2,0.7777777777777778
54,SHI_C144_M1_FED006_070820_01.CSV,SHI,M,C144_M1,28,9,2,0.8181818181818182
55,SHI_C144_M1_FED006_070920_01.CSV,SHI,M,C144_M1,28,7,1,0.875
56,SHI_C144_M1_FED006_070920_01.CSV,SHI,M,C144_M1,29,14,3,0.8235294117647058
57,SHI_C144_M1_FED006_071020_00.CSV,SHI,M,C144_M1,29,15,2,0.8823529411764706
58,SHI_C144_M1_FED006_071120_00.CSV,SHI,M,C144_M1,30,13,3,0.8125
59,SHI_C144_M1_FED006_071120_00.CSV,SHI,M,C144_M1,31,15,4,0.7894736842105263
60,SHI_C144_M1_FED006_071220_00.CSV,SHI,M,C144_M1,31,18,5,0.782608695652174
61,SHI_C144_M1_FED006_071420_00.CSV,SHI,M,C144_M1,33,12,3,0.8
62,SHI_C144_M1_FED006_071420_00.CSV,SHI,M,C144_M1,34,15,3,0.8333333333333334
63,SHI_C144_M1_FED006_071520_01.CSV,SHI,M,C144_M1,35,16,3,0.8421052631578947
64,SHI_C144_M1_FED006_071620_01.CSV,SHI,M,C144_M1,35,11,2,0.8461538461538461
65,SHI_C144_M1_FED006_071620_01.CSV,SHI,M,C144_M1,36,18,2,0.9
66,SHI_C144_M1_FED006_071720_01.CSV,SHI,M,C144_M1,36,8,1,0.8888888888888888
67,SHI_C144_M1_FED006_071720_01.CSV,SHI,M,C144_M1,37,13,2,0.8666666666666667
68,SHI_C144_M1_FED006_071820_01.CSV,SHI,M,C144_M1,38,15,2,0.8823529411764706
69,SHI_C144_M1_FED006_071920_01.CSV,SHI,M,C144_M1,38,17,1,0.9444444444444444
70,SHI_C144_M1_FED006_072120_01.CSV,SHI,M,C144_M1,40,12,2,0.8571428571428571
71,SHI_C144_M1_FED006_072120_01.CSV,SHI,M,C144_M1,41,14,2,0.875
72,SHI_C144_M1_FED006_072320_01.CSV,SHI,M,C144_M1,42,5,0,1.0
73,SHI_C144_M1_FED006_072320_01.CSV,SHI,M,C144_M1,43,17,1,0.9444444444444444
74,SHI_C144_M1_FED006_072420_01.CSV,SHI,M,C144_M1,44,13,1,0.9285714285714286
75,SHI_C144_M1_FED006_072520_01.CSV,SHI,M,C144_M1,45,16,0,1.0
76,SHI_C144_M1_FED006_072620_01.CSV,SHI,M,C144_M1,45,11,0,1.0
77,SHI_C144_M1_FED006_072620_01.CSV,SHI,M,C144_M1,46,16,0,1.0
78,SHI_C144_M1_FED006_072720_01.CSV,SHI,M,C144_M1,46,17,4,0.8095238095238095
79,SHI_C145_F1_FED005_061120_00.CSV,SHI,F,C145_F1,1,2,2,0.5
80,SHI_C145_F1_FED005_061220_00.CSV,SHI,F,C145_F1,1,3,6,0.3333333333333333
81,SHI_C145_F1_FED005_061320_00.CSV,SHI,F,C145_F1,2,4,3,0.5714285714285714
82,SHI_C145_F1_FED005_061420_00.CSV,SHI,F,C145_F1,3,6,5,0.5454545454545454
83,SHI_C145_F1_FED005_061720_00.CSV,SHI,F,C145_F1,7,8,5,0.6153846153846154
84,SHI_C145_F1_FED005_061820_00.CSV,SHI,F,C145_F1,7,11,4,0.7333333333333333
85,SHI_C145_F1_FED005_061920_00.CSV,SHI,F,C145_F1,8,10,3,0.7692307692307693
86,SHI_C145_F1_FED005_062020_00.CSV,SHI,F,C145_F1,9,12,5,0.7058823529411765
87,SHI_C145_F1_FED005_062120_00.CSV,SHI,F,C145_F1,10,10,3,0.7692307692307693
88,SHI_C145_F1_FED005_062420_00.CSV,SHI,F,C145_F1,13,12,5,0.7058823529411765
89,SHI_C145_F1_FED005_062520_00.CSV,SHI,F,C145_F1,14,11,4,0.7333333333333333
90,SHI_C145_F1_FED005_062620_00.CSV,SHI,F,C145_F1,15,11,6,0.6470588235294118
91,SHI_C145_F1_FED005_063020_00.CSV,SHI,F,C145_F1,19,7,3,0.7
92,SHI_C145_F1_FED005_070220_00.CSV,SHI,F,C145_F1,21,10,3,0.7692307692307693
93,SHI_C145_F1_FED005_070320_00.CSV,SHI,F,C145_F1,22,7,9,0.4375
94,SHI_C145_F1_FED005_070420_00.CSV,SHI,F,C145_F1,23,10,5,0.6666666666666666
95,SHI_C145_F1_FED005_070520_00.CSV,SHI,F,C145_F1,24,14,3,0.8235294117647058
96,SHI_C145_F1_FED005_070720_00.CSV,SHI,F,C145_F1,26,10,6,0.625
97,SHI_C145_F1_FED005_070720_00.CSV,SHI,F,C145_F1,27,11,7,0.6111111111111112
98,SHI_C145_F1_FED005_070820_00.CSV,SHI,F,C145_F1,27,13,5,0.7222222222222222
99,SHI_C145_F1_FED005_070820_00.CSV,SHI,F,C145_F1,28,14,5,0.7368421052631579
100,SHI_C145_F1_FED005_070920_00.CSV,SHI,F,C145_F1,28,13,1,0.9285714285714286
101,SHI_C145_F1_FED005_070920_00.CSV,SHI,F,C145_F1,29,14,1,0.9333333333333333
102,SHI_C145_F1_FED005_071020_00.CSV,SHI,F,C145_F1,29,18,1,0.9473684210526315
103,SHI_C145_F1_FED005_071020_00.CSV,SHI,F,C145_F1,30,18,1,0.9473684210526315
104,SHI_C145_F1_FED005_071120_00.CSV,SHI,F,C145_F1,30,8,4,0.6666666666666666
105,SHI_C145_F1_FED005_071120_00.CSV,SHI,F,C145_F1,31,14,6,0.7
106,SHI_C145_F1_FED005_071220_00.CSV,SHI,F,C145_F1,31,22,4,0.8461538461538461
107,SHI_C145_F1_FED005_071420_00.CSV,SHI,F,C145_F1,33,12,1,0.9230769230769231
108,SHI_C145_F1_FED005_071420_00.CSV,SHI,F,C145_F1,34,17,2,0.8947368421052632
109,SHI_C145_F1_FED005_071520_00.CSV,SHI,F,C145_F1,35,21,4,0.84
110,SHI_C145_F1_FED005_071620_00.CSV,SHI,F,C145_F1,35,12,2,0.8571428571428571
111,SHI_C145_F1_FED005_071620_00.CSV,SHI,F,C145_F1,36,21,3,0.875
112,SHI_C145_F1_FED005_071720_00.CSV,SHI,F,C145_F1,36,15,2,0.8823529411764706
113,SHI_C145_F1_FED005_071720_00.CSV,SHI,F,C145_F1,37,25,4,0.8620689655172413
114,SHI_C145_F1_FED005_071820_00.CSV,SHI,F,C145_F1,38,20,2,0.9090909090909091
115,SHI_C145_F1_FED005_071920_00.CSV,SHI,F,C145_F1,38,14,2,0.875
116,SHI_C145_F1_FED005_072120_00.CSV,SHI,F,C145_F1,40,8,0,1.0
117,SHI_C145_F1_FED005_072120_00.CSV,SHI,F,C145_F1,41,15,0,1.0
118,SHI_C145_F1_FED005_072320_00.CSV,SHI,F,C145_F1,42,2,0,1.0
119,SHI_C145_F1_FED005_072320_00.CSV,SHI,F,C145_F1,43,16,0,1.0
120,SHI_C145_F1_FED005_072420_00.CSV,SHI,F,C145_F1,44,21,3,0.875
121,SHI_C145_F1_FED005_072520_00.CSV,SHI,F,C145_F1,45,14,2,0.875
122,SHI_C145_F1_FED005_072620_00.CSV,SHI,F,C145_F1,45,8,0,1.0
123,SHI_C145_F1_FED005_072620_00.CSV,SHI,F,C145_F1,46,15,0,1.0
124,SHI_C145_F1_FED005_072720_00.CSV,SHI,F,C145_F1,46,14,1,0.9333333333333333
125,SHI_C145_F1_FED005_072820_00.CSV,SHI,F,C145_F1,47,11,2,0.8461538461538461
126,SHI_C148_M0_FED001_061920_01.CSV,SHI,M,C148_M0,1,7,1,0.875
127,SHI_C148_M0_FED001_062020_01.CSV,SHI,M,C148_M0,1,10,0,1.0
128,SHI_C148_M0_FED001_062120_01.CSV,SHI,M,C148_M0,2,12,1,0.9230769230769231
129,SHI_C148_M0_FED001_062420_01.CSV,SHI,M,C148_M0,5,5,0,1.0
130,SHI_C148_M0_FED001_062420_01.CSV,SHI,M,C148_M0,6,9,0,1.0
131,SHI_C148_M0_FED001_062520_01.CSV,SHI,M,C148_M0,7,13,2,0.8666666666666667
132,SHI_C148_M0_FED001_062620_01.CSV,SHI,M,C148_M0,7,7,5,0.5833333333333334
133,SHI_C148_M0_FED001_062620_01.CSV,SHI,M,C148_M0,8,10,5,0.6666666666666666
134,SHI_C148_M0_FED001_063020_01.CSV,SHI,M,C148_M0,11,17,7,0.7083333333333334
135,SHI_C148_M0_FED001_070220_01.CSV,SHI,M,C148_M0,13,5,1,0.8333333333333334
136,SHI_C148_M0_FED001_070220_01.CSV,SHI,M,C148_M0,14,9,1,0.9
137,SHI_C148_M0_FED001_070320_01.CSV,SHI,M,C148_M0,14,9,2,0.8181818181818182
138,SHI_C148_M0_FED001_070320_01.CSV,SHI,M,C148_M0,15,13,2,0.8666666666666667
139,SHI_C148_M0_FED001_070420_01.CSV,SHI,M,C148_M0,15,8,0,1.0
140,SHI_C148_M0_FED001_070520_01.CSV,SHI,M,C148_M0,16,9,2,0.8181818181818182
141,SHI_C148_M0_FED001_070720_01.CSV,SHI,M,C148_M0,19,11,1,0.9166666666666666
142,SHI_C148_M0_FED001_070820_01.CSV,SHI,M,C148_M0,20,13,3,0.8125
143,SHI_C148_M0_FED001_070920_01.CSV,SHI,M,C148_M0,21,15,2,0.8823529411764706
144,SHI_C148_M0_FED001_071020_01.CSV,SHI,M,C148_M0,22,21,2,0.9130434782608695
145,SHI_C148_M0_FED001_071120_01.CSV,SHI,M,C148_M0,23,16,3,0.8421052631578947
146,SHI_C148_M0_FED001_071220_01.CSV,SHI,M,C148_M0,24,1,0,1.0
147,SHI_C148_M0_FED001_071420_01.CSV,SHI,M,C148_M0,26,14,8,0.6363636363636364
148,SHI_C148_M0_FED001_071520_01.CSV,SHI,M,C148_M0,27,16,3,0.8421052631578947
149,SHI_C148_M0_FED001_071620_01.CSV,SHI,M,C148_M0,28,15,3,0.8333333333333334
150,SHI_C148_M0_FED001_071720_01.CSV,SHI,M,C148_M0,29,16,7,0.6956521739130435
151,SHI_C148_M0_FED001_071820_01.CSV,SHI,M,C148_M0,30,14,3,0.8235294117647058
152,SHI_C148_M0_FED001_071920_01.CSV,SHI,M,C148_M0,31,21,5,0.8076923076923077
153,SHI_C148_M0_FED001_072120_01.CSV,SHI,M,C148_M0,33,13,4,0.7647058823529411
154,SHI_C148_M0_FED001_072320_01.CSV,SHI,M,C148_M0,35,15,8,0.6521739130434783
155,SHI_C148_M0_FED001_072420_01.CSV,SHI,M,C148_M0,36,19,1,0.95
156,SHI_C148_M0_FED001_072520_01.CSV,SHI,M,C148_M0,37,22,2,0.9166666666666666
157,SHI_C148_M0_FED001_072620_01.CSV,SHI,M,C148_M0,38,27,10,0.7297297297297297
158,SHI_C148_M0_FED001_072720_01.CSV,SHI,M,C148_M0,39,34,7,0.8292682926829268
159,SHI_C148_M1_FED003_061120_01.CSV,SHI,M,C148_M1,1,1,2,0.3333333333333333
160,SHI_C148_M1_FED003_061220_01.CSV,SHI,M,C148_M1,1,4,8,0.3333333333333333
161,SHI_C148_M1_FED003_061320_01.CSV,SHI,M,C148_M1,2,4,12,0.25
162,SHI_C148_M1_FED003_061420_01.CSV,SHI,M,C148_M1,3,7,6,0.5384615384615384
163,SHI_C148_M1_FED003_061720_01.CSV,SHI,M,C148_M1,7,6,7,0.46153846153846156
164,SHI_C148_M1_FED003_061820_01.CSV,SHI,M,C148_M1,7,10,8,0.5555555555555556
165,SHI_C148_M1_FED003_061920_01.CSV,SHI,M,C148_M1,8,9,2,0.8181818181818182
166,SHI_C148_M1_FED003_062020_01.CSV,SHI,M,C148_M1,9,9,5,0.6428571428571429
167,SHI_C148_M1_FED003_062120_01.CSV,SHI,M,C148_M1,10,8,2,0.8
168,SHI_C148_M1_FED003_062420_01.CSV,SHI,M,C148_M1,13,6,2,0.75
169,SHI_C148_M1_FED003_062520_01.CSV,SHI,M,C148_M1,14,7,2,0.7777777777777778
170,SHI_C148_M1_FED003_062620_01.CSV,SHI,M,C148_M1,15,10,2,0.8333333333333334
171,SHI_C148_M1_FED003_063020_01.CSV,SHI,M,C148_M1,19,12,9,0.5714285714285714
172,SHI_C148_M1_FED003_070220_01.CSV,SHI,M,C148_M1,21,7,5,0.5833333333333334
173,SHI_C148_M1_FED003_070320_01.CSV,SHI,M,C148_M1,22,7,2,0.7777777777777778
174,SHI_C148_M1_FED003_070420_01.CSV,SHI,M,C148_M1,23,9,4,0.6923076923076923
175,SHI_C148_M1_FED003_070520_01.CSV,SHI,M,C148_M1,24,9,2,0.8181818181818182
176,SHI_C148_M1_FED003_070720_01.CSV,SHI,M,C148_M1,26,10,3,0.7692307692307693
177,SHI_C148_M1_FED003_070820_01.CSV,SHI,M,C148_M1,27,8,2,0.8
178,SHI_C148_M1_FED003_070820_01.CSV,SHI,M,C148_M1,28,8,4,0.6666666666666666
179,SHI_C148_M1_FED003_070920_01.CSV,SHI,M,C148_M1,28,5,0,1.0
180,SHI_C148_M1_FED003_070920_01.CSV,SHI,M,C148_M1,29,8,0,1.0
181,SHI_C148_M1_FED003_071020_01.CSV,SHI,M,C148_M1,29,11,0,1.0
182,SHI_C148_M1_FED003_071120_01.CSV,SHI,M,C148_M1,30,10,0,1.0
183,SHI_C148_M1_FED003_071120_01.CSV,SHI,M,C148_M1,31,12,0,1.0
184,SHI_C148_M1_FED003_071220_01.CSV,SHI,M,C148_M1,31,11,1,0.9166666666666666
185,SHI_C148_M1_FED003_071420_01.CSV,SHI,M,C148_M1,33,8,0,1.0
186,SHI_C148_M1_FED003_071420_01.CSV,SHI,M,C148_M1,34,10,0,1.0
187,SHI_C148_M1_FED003_071520_01.CSV,SHI,M,C148_M1,35,14,4,0.7777777777777778
188,SHI_C148_M1_FED003_071620_01.CSV,SHI,M,C148_M1,36,11,4,0.7333333333333333
189,SHI_C148_M1_FED003_071720_01.CSV,SHI,M,C148_M1,36,12,2,0.8571428571428571
190,SHI_C148_M1_FED003_071720_01.CSV,SHI,M,C148_M1,37,14,2,0.875
191,SHI_C148_M1_FED003_071820_01.CSV,SHI,M,C148_M1,38,17,11,0.6071428571428571
192,SHI_C148_M1_FED003_071920_01.CSV,SHI,M,C148_M1,38,12,1,0.9230769230769231
193,SHI_C148_M1_FED003_072120_01.CSV,SHI,M,C148_M1,40,12,2,0.8571428571428571
194,SHI_C148_M1_FED003_072120_01.CSV,SHI,M,C148_M1,41,13,2,0.8666666666666667
195,SHI_C148_M1_FED003_072320_01.CSV,SHI,M,C148_M1,42,7,1,0.875
196,SHI_C148_M1_FED003_072320_01.CSV,SHI,M,C148_M1,43,11,1,0.9166666666666666
197,SHI_C148_M1_FED003_072420_01.CSV,SHI,M,C148_M1,43,5,0,1.0
198,SHI_C148_M1_FED003_072420_01.CSV,SHI,M,C148_M1,44,14,1,0.9333333333333333
199,SHI_C148_M1_FED003_072520_01.CSV,SHI,M,C148_M1,44,2,0,1.0
200,SHI_C148_M1_FED003_072520_01.CSV,SHI,M,C148_M1,45,18,4,0.8181818181818182
201,SHI_C148_M1_FED003_072620_01.CSV,SHI,M,C148_M1,45,15,3,0.8333333333333334
202,SHI_C148_M1_FED003_072620_01.CSV,SHI,M,C148_M1,46,18,5,0.782608695652174
203,SHI_C148_M1_FED003_072720_01.CSV,SHI,M,C148_M1,46,17,5,0.7727272727272727
204,SHI_C149_F0_FED001_061920_00.CSV,SHI,F,C149_F0,1,15,7,0.6818181818181818
205,SHI_C149_F0_FED001_062020_00.CSV,SHI,F,C149_F0,1,14,11,0.56
206,SHI_C149_F0_FED001_062120_00.CSV,SHI,F,C149_F0,2,16,14,0.5333333333333333
207,SHI_C149_F0_FED001_062420_00.CSV,SHI,F,C149_F0,5,7,6,0.5384615384615384
208,SHI_C149_F0_FED001_062420_00.CSV,SHI,F,C149_F0,6,15,8,0.6521739130434783
209,SHI_C149_F0_FED001_062520_00.CSV,SHI,F,C149_F0,7,15,5,0.75
210,SHI_C149_F0_FED001_062620_00.CSV,SHI,F,C149_F0,7,10,2,0.8333333333333334
211,SHI_C149_F0_FED001_062620_00.CSV,SHI,F,C149_F0,8,13,2,0.8666666666666667
212,SHI_C149_F0_FED001_070220_00.CSV,SHI,F,C149_F0,13,8,4,0.6666666666666666
213,SHI_C149_F0_FED001_070220_00.CSV,SHI,F,C149_F0,14,16,8,0.6666666666666666
214,SHI_C149_F0_FED001_070320_00.CSV,SHI,F,C149_F0,14,8,4,0.6666666666666666
215,SHI_C149_F0_FED001_070320_00.CSV,SHI,F,C149_F0,15,13,8,0.6190476190476191
216,SHI_C149_F0_FED001_070420_00.CSV,SHI,F,C149_F0,15,15,6,0.7142857142857143
217,SHI_C149_F0_FED001_070420_00.CSV,SHI,F,C149_F0,16,16,6,0.7272727272727273
218,SHI_C149_F0_FED001_070520_00.CSV,SHI,F,C149_F0,16,17,7,0.7083333333333334
219,SHI_C149_F0_FED001_070720_00.CSV,SHI,F,C149_F0,19,20,6,0.7692307692307693
220,SHI_C149_F0_FED001_070820_00.CSV,SHI,F,C149_F0,20,24,5,0.8275862068965517
221,SHI_C149_F0_FED001_070920_00.CSV,SHI,F,C149_F0,21,20,4,0.8333333333333334
222,SHI_C149_F0_FED001_071020_00.CSV,SHI,F,C149_F0,22,30,4,0.8823529411764706
223,SHI_C149_F0_FED001_071120_00.CSV,SHI,F,C149_F0,23,21,5,0.8076923076923077
224,SHI_C149_F0_FED001_071220_00.CSV,SHI,F,C149_F0,24,24,7,0.7741935483870968
225,SHI_C149_F0_FED001_071420_00.CSV,SHI,F,C149_F0,26,18,7,0.72
226,SHI_C149_F0_FED001_071520_00.CSV,SHI,F,C149_F0,27,15,0,1.0
227,SHI_C149_F0_FED001_071620_00.CSV,SHI,F,C149_F0,28,19,8,0.7037037037037037
228,SHI_C149_F0_FED001_071720_00.CSV,SHI,F,C149_F0,29,17,3,0.85
229,SHI_C149_F0_FED001_071820_00.CSV,SHI,F,C149_F0,30,22,7,0.7586206896551724
230,SHI_C149_F0_FED001_071920_00.CSV,SHI,F,C149_F0,31,13,0,1.0
231,SHI_C149_F0_FED001_072120_00.CSV,SHI,F,C149_F0,33,16,1,0.9411764705882353
232,SHI_C149_F0_FED001_072320_00.CSV,SHI,F,C149_F0,35,15,1,0.9375
233,SHI_C149_F0_FED001_072420_00.CSV,SHI,F,C149_F0,36,11,7,0.6111111111111112
234,SHI_C149_F0_FED001_072520_00.CSV,SHI,F,C149_F0,37,14,3,0.8235294117647058
235,SHI_C149_F0_FED001_072620_00.CSV,SHI,F,C149_F0,38,22,6,0.7857142857142857
236,SHI_C149_F0_FED001_072720_00.CSV,SHI,F,C149_F0,39,19,6,0.76
237,SHI_C149_F1_FED002_061120_00.CSV,SHI,F,C149_F1,1,1,2,0.3333333333333333
238,SHI_C149_F1_FED002_061220_00.CSV,SHI,F,C149_F1,1,1,0,1.0
239,SHI_C149_F1_FED002_061320_00.CSV,SHI,F,C149_F1,2,1,0,1.0
240,SHI_C149_F1_FED002_061420_00.CSV,SHI,F,C149_F1,3,10,6,0.625
241,SHI_C149_F1_FED002_061720_00.CSV,SHI,F,C149_F1,7,4,2,0.6666666666666666
242,SHI_C149_F1_FED002_061820_00.CSV,SHI,F,C149_F1,7,7,4,0.6363636363636364
243,SHI_C149_F1_FED002_061920_00.CSV,SHI,F,C149_F1,8,9,4,0.6923076923076923
244,SHI_C149_F1_FED002_062020_00.CSV,SHI,F,C149_F1,9,10,6,0.625
245,SHI_C149_F1_FED002_062120_00.CSV,SHI,F,C149_F1,10,9,8,0.5294117647058824
246,SHI_C149_F1_FED002_062420_00.CSV,SHI,F,C149_F1,13,9,7,0.5625
247,SHI_C149_F1_FED002_062520_00.CSV,SHI,F,C149_F1,14,10,4,0.7142857142857143
248,SHI_C149_F1_FED002_062620_00.CSV,SHI,F,C149_F1,15,13,4,0.7647058823529411
249,SHI_C149_F1_FED002_063020_00.CSV,SHI,F,C149_F1,19,8,3,0.7272727272727273
250,SHI_C149_F1_FED002_070220_00.CSV,SHI,F,C149_F1,21,8,8,0.5
251,SHI_C149_F1_FED002_070320_00.CSV,SHI,F,C149_F1,22,11,3,0.7857142857142857
252,SHI_C149_F1_FED002_070420_00.CSV,SHI,F,C149_F1,23,14,5,0.7368421052631579
253,SHI_C149_F1_FED002_070520_00.CSV,SHI,F,C149_F1,24,12,6,0.6666666666666666
254,SHI_C149_F1_FED002_070720_00.CSV,SHI,F,C149_F1,26,13,10,0.5652173913043478
255,SHI_C149_F1_FED002_070820_00.CSV,SHI,F,C149_F1,27,14,5,0.7368421052631579
256,SHI_C149_F1_FED002_070820_00.CSV,SHI,F,C149_F1,28,17,5,0.7727272727272727
257,SHI_C149_F1_FED002_070920_00.CSV,SHI,F,C149_F1,28,19,2,0.9047619047619048
258,SHI_C149_F1_FED002_070920_00.CSV,SHI,F,C149_F1,29,21,4,0.84
259,SHI_C149_F1_FED002_071020_00.CSV,SHI,F,C149_F1,29,21,9,0.7
260,SHI_C149_F1_FED002_071120_00.CSV,SHI,F,C149_F1,30,13,7,0.65
261,SHI_C149_F1_FED002_071120_00.CSV,SHI,F,C149_F1,31,16,7,0.6956521739130435
262,SHI_C149_F1_FED002_071220_00.CSV,SHI,F,C149_F1,31,18,1,0.9473684210526315
263,SHI_C149_F1_FED002_071420_00.CSV,SHI,F,C149_F1,33,8,4,0.6666666666666666
264,SHI_C149_F1_FED002_071420_00.CSV,SHI,F,C149_F1,34,11,4,0.7333333333333333
265,SHI_C149_F1_FED002_071720_00.CSV,SHI,F,C149_F1,36,10,3,0.7692307692307693
266,SHI_C149_F1_FED002_071720_00.CSV,SHI,F,C149_F1,37,11,4,0.7333333333333333
267,SHI_C149_F1_FED002_071820_00.CSV,SHI,F,C149_F1,38,13,6,0.6842105263157895
268,SHI_C149_F1_FED002_071920_00.CSV,SHI,F,C149_F1,38,13,4,0.7647058823529411
269,SHI_C149_F1_FED002_072120_00.CSV,SHI,F,C149_F1,40,10,3,0.7692307692307693
270,SHI_C149_F1_FED002_072120_00.CSV,SHI,F,C149_F1,41,11,3,0.7857142857142857
271,SHI_C149_F1_FED002_072320_00.CSV,SHI,F,C149_F1,42,2,1,0.6666666666666666
272,SHI_C149_F1_FED002_072320_00.CSV,SHI,F,C149_F1,43,8,5,0.6153846153846154
273,SHI_C149_F1_FED002_072420_00.CSV,SHI,F,C149_F1,43,6,2,0.75
274,SHI_C149_F1_FED002_072420_00.CSV,SHI,F,C149_F1,44,13,3,0.8125
275,SHI_C149_F1_FED002_072520_00.CSV,SHI,F,C149_F1,44,4,0,1.0
276,SHI_C149_F1_FED002_072520_00.CSV,SHI,F,C149_F1,45,16,5,0.7619047619047619
277,SHI_C149_F1_FED002_072620_00.CSV,SHI,F,C149_F1,45,12,2,0.8571428571428571
278,SHI_C149_F1_FED002_072620_00.CSV,SHI,F,C149_F1,46,13,2,0.8666666666666667
279,SHI_C149_F1_FED002_072720_00.CSV,SHI,F,C149_F1,46,13,3,0.8125
280,SHI_C149_F2_FED003_061120_00.CSV,SHI,F,C149_F2,1,1,0,1.0
281,SHI_C149_F2_FED003_061220_00.CSV,SHI,F,C149_F2,1,6,6,0.5
282,SHI_C149_F2_FED003_061320_00.CSV,SHI,F,C149_F2,2,13,3,0.8125
283,SHI_C149_F2_FED003_061420_00.CSV,SHI,F,C149_F2,3,13,15,0.4642857142857143
284,SHI_C149_F2_FED003_061720_00.CSV,SHI,F,C149_F2,7,8,6,0.5714285714285714
285,SHI_C149_F2_FED003_061820_00.CSV,SHI,F,C149_F2,7,12,5,0.7058823529411765
286,SHI_C149_F2_FED003_061920_00.CSV,SHI,F,C149_F2,8,11,3,0.7857142857142857
287,SHI_C149_F2_FED003_062020_00.CSV,SHI,F,C149_F2,9,12,16,0.42857142857142855
288,SHI_C149_F2_FED003_062120_00.CSV,SHI,F,C149_F2,10,14,10,0.5833333333333334
289,SHI_C149_F2_FED003_062420_00.CSV,SHI,F,C149_F2,13,11,4,0.7333333333333333
290,SHI_C149_F2_FED003_062520_00.CSV,SHI,F,C149_F2,14,10,8,0.5555555555555556
291,SHI_C149_F2_FED003_062620_00.CSV,SHI,F,C149_F2,15,17,3,0.85
292,SHI_C149_F2_FED003_063020_00.CSV,SHI,F,C149_F2,19,13,6,0.6842105263157895
293,SHI_C149_F2_FED003_070220_00.CSV,SHI,F,C149_F2,21,16,6,0.7272727272727273
294,SHI_C149_F2_FED003_070320_00.CSV,SHI,F,C149_F2,22,18,6,0.75
295,SHI_C149_F2_FED003_070420_00.CSV,SHI,F,C149_F2,23,16,6,0.7272727272727273
296,SHI_C149_F2_FED003_070520_00.CSV,SHI,F,C149_F2,24,21,3,0.875
297,SHI_C149_F2_FED003_070720_00.CSV,SHI,F,C149_F2,26,18,7,0.72
298,SHI_C149_F2_FED003_070820_00.CSV,SHI,F,C149_F2,27,21,6,0.7777777777777778
299,SHI_C149_F2_FED003_070820_00.CSV,SHI,F,C149_F2,28,30,8,0.7894736842105263
300,SHI_C149_F2_FED003_070920_00.CSV,SHI,F,C149_F2,28,17,5,0.7727272727272727
301,SHI_C149_F2_FED003_070920_00.CSV,SHI,F,C149_F2,29,27,7,0.7941176470588235
302,SHI_C149_F2_FED003_071020_00.CSV,SHI,F,C149_F2,29,30,19,0.6122448979591837
303,SHI_C149_F2_FED003_071020_00.CSV,SHI,F,C149_F2,30,31,19,0.62
304,SHI_C149_F2_FED003_071120_00.CSV,SHI,F,C149_F2,30,14,8,0.6363636363636364
305,SHI_C149_F2_FED003_071120_00.CSV,SHI,F,C149_F2,31,21,14,0.6
306,SHI_C149_F2_FED003_071220_00.CSV,SHI,F,C149_F2,31,19,8,0.7037037037037037
307,SHI_C149_F2_FED003_071420_00.CSV,SHI,F,C149_F2,33,16,10,0.6153846153846154
308,SHI_C149_F2_FED003_071420_00.CSV,SHI,F,C149_F2,34,21,17,0.5526315789473685
309,SHI_C149_F2_FED003_071520_00.CSV,SHI,F,C149_F2,35,27,14,0.6585365853658537
310,SHI_C149_F2_FED003_071620_00.CSV,SHI,F,C149_F2,35,15,4,0.7894736842105263
311,SHI_C149_F2_FED003_071620_00.CSV,SHI,F,C149_F2,36,25,7,0.78125
312,SHI_C149_F2_FED003_071720_00.CSV,SHI,F,C149_F2,36,13,8,0.6190476190476191
313,SHI_C149_F2_FED003_071720_00.CSV,SHI,F,C149_F2,37,23,9,0.71875
314,SHI_C149_F2_FED003_071820_00.CSV,SHI,F,C149_F2,38,25,13,0.6578947368421053
315,SHI_C149_F2_FED003_071920_00.CSV,SHI,F,C149_F2,38,19,13,0.59375
316,SHI_C149_F2_FED003_072120_00.CSV,SHI,F,C149_F2,40,12,0,1.0
317,SHI_C149_F2_FED003_072120_00.CSV,SHI,F,C149_F2,41,18,6,0.75
318,SHI_C149_F2_FED003_072320_00.CSV,SHI,F,C149_F2,42,4,0,1.0
319,SHI_C149_F2_FED003_072320_00.CSV,SHI,F,C149_F2,43,21,10,0.6774193548387096
320,SHI_C149_F2_FED003_072420_00.CSV,SHI,F,C149_F2,43,1,0,1.0
321,SHI_C149_F2_FED003_072420_00.CSV,SHI,F,C149_F2,44,20,6,0.7692307692307693
322,SHI_C149_F2_FED003_072520_00.CSV,SHI,F,C149_F2,45,15,2,0.8823529411764706
323,SHI_C149_F2_FED003_072620_00.CSV,SHI,F,C149_F2,45,11,3,0.7857142857142857
324,SHI_C149_F2_FED003_072620_00.CSV,SHI,F,C149_F2,46,24,9,0.7272727272727273
325,SHI_C149_F2_FED003_072720_00.CSV,SHI,F,C149_F2,46,21,8,0.7241379310344828
326,SHI_C150_M0_FED001_061920_02.CSV,SHI,M,C150_M0,1,17,9,0.6538461538461539
327,SHI_C150_M0_FED001_062020_02.CSV,SHI,M,C150_M0,1,18,4,0.8181818181818182
328,SHI_C150_M0_FED001_062120_02.CSV,SHI,M,C150_M0,2,16,5,0.7619047619047619
329,SHI_C150_M0_FED001_062420_02.CSV,SHI,M,C150_M0,5,8,4,0.6666666666666666
330,SHI_C150_M0_FED001_062420_02.CSV,SHI,M,C150_M0,6,14,6,0.7
331,SHI_C150_M0_FED001_062520_02.CSV,SHI,M,C150_M0,7,16,3,0.8421052631578947
332,SHI_C150_M0_FED001_062620_02.CSV,SHI,M,C150_M0,7,11,4,0.7333333333333333
333,SHI_C150_M0_FED001_062620_02.CSV,SHI,M,C150_M0,8,15,4,0.7894736842105263
334,SHI_C150_M0_FED001_063020_02.CSV,SHI,M,C150_M0,11,12,5,0.7058823529411765
335,SHI_C150_M0_FED001_070220_02.CSV,SHI,M,C150_M0,13,8,4,0.6666666666666666
336,SHI_C150_M0_FED001_070220_02.CSV,SHI,M,C150_M0,14,13,4,0.7647058823529411
337,SHI_C150_M0_FED001_070320_02.CSV,SHI,M,C150_M0,14,11,6,0.6470588235294118
338,SHI_C150_M0_FED001_070320_02.CSV,SHI,M,C150_M0,15,14,7,0.6666666666666666
339,SHI_C150_M0_FED001_070420_02.CSV,SHI,M,C150_M0,15,13,4,0.7647058823529411
340,SHI_C150_M0_FED001_070520_02.CSV,SHI,M,C150_M0,16,15,5,0.75
341,SHI_C150_M0_FED001_070720_02.CSV,SHI,M,C150_M0,19,16,2,0.8888888888888888
342,SHI_C150_M0_FED001_070820_02.CSV,SHI,M,C150_M0,20,17,6,0.7391304347826086
343,SHI_C150_M0_FED001_070920_02.CSV,SHI,M,C150_M0,21,19,3,0.8636363636363636
344,SHI_C150_M0_FED001_071020_02.CSV,SHI,M,C150_M0,22,18,3,0.8571428571428571
345,SHI_C150_M0_FED001_071120_01.CSV,SHI,M,C150_M0,23,16,3,0.8421052631578947
346,SHI_C150_M0_FED001_071220_02.CSV,SHI,M,C150_M0,23,1,0,1.0
347,SHI_C150_M0_FED001_071420_02.CSV,SHI,M,C150_M0,26,12,8,0.6
348,SHI_C150_M0_FED001_071520_02.CSV,SHI,M,C150_M0,27,16,3,0.8421052631578947
349,SHI_C150_M0_FED001_071620_02.CSV,SHI,M,C150_M0,28,16,5,0.7619047619047619
350,SHI_C150_M0_FED001_071720_02.CSV,SHI,M,C150_M0,29,16,5,0.7619047619047619
351,SHI_C150_M0_FED001_071820_02.CSV,SHI,M,C150_M0,30,13,2,0.8666666666666667
352,SHI_C150_M0_FED001_071920_02.CSV,SHI,M,C150_M0,31,11,2,0.8461538461538461
353,SHI_C150_M0_FED001_072120_02.CSV,SHI,M,C150_M0,33,13,2,0.8666666666666667
354,SHI_C150_M0_FED001_072320_02.CSV,SHI,M,C150_M0,35,10,4,0.7142857142857143
355,SHI_C150_M0_FED001_072420_02.CSV,SHI,M,C150_M0,36,18,3,0.8571428571428571
356,SHI_C150_M0_FED001_072520_02.CSV,SHI,M,C150_M0,37,19,3,0.8636363636363636
357,SHI_C150_M0_FED001_072620_02.CSV,SHI,M,C150_M0,38,13,2,0.8666666666666667
358,SHI_C150_M0_FED001_072720_02.CSV,SHI,M,C150_M0,39,21,5,0.8076923076923077
359,SHI_C150_M1_FED003_061120_02.CSV,SHI,M,C150_M1,1,10,11,0.47619047619047616
360,SHI_C150_M1_FED003_061220_02.CSV,SHI,M,C150_M1,1,11,5,0.6875
361,SHI_C150_M1_FED003_061320_02.CSV,SHI,M,C150_M1,2,10,5,0.6666666666666666
362,SHI_C150_M1_FED003_061420_02.CSV,SHI,M,C150_M1,3,14,2,0.875
363,SHI_C150_M1_FED003_061720_02.CSV,SHI,M,C150_M1,7,9,11,0.45
364,SHI_C150_M1_FED003_061820_02.CSV,SHI,M,C150_M1,7,17,5,0.7727272727272727
365,SHI_C150_M1_FED003_061920_02.CSV,SHI,M,C150_M1,8,16,12,0.5714285714285714
366,SHI_C150_M1_FED003_062020_02.CSV,SHI,M,C150_M1,9,10,8,0.5555555555555556
367,SHI_C150_M1_FED003_062120_02.CSV,SHI,M,C150_M1,10,10,5,0.6666666666666666
368,SHI_C150_M1_FED003_062420_02.CSV,SHI,M,C150_M1,13,17,2,0.8947368421052632
369,SHI_C150_M1_FED003_062520_02.CSV,SHI,M,C150_M1,14,13,5,0.7222222222222222
370,SHI_C150_M1_FED003_062620_02.CSV,SHI,M,C150_M1,15,15,8,0.6521739130434783
371,SHI_C150_M1_FED003_063020_02.CSV,SHI,M,C150_M1,19,8,1,0.8888888888888888
372,SHI_C150_M1_FED003_070220_02.CSV,SHI,M,C150_M1,21,14,4,0.7777777777777778
373,SHI_C150_M1_FED003_070320_02.CSV,SHI,M,C150_M1,22,15,4,0.7894736842105263
374,SHI_C150_M1_FED003_070420_02.CSV,SHI,M,C150_M1,23,8,2,0.8
375,SHI_C150_M1_FED003_070520_02.CSV,SHI,M,C150_M1,24,15,2,0.8823529411764706
376,SHI_C150_M1_FED003_070720_02.CSV,SHI,M,C150_M1,26,16,2,0.8888888888888888
377,SHI_C150_M1_FED003_070820_02.CSV,SHI,M,C150_M1,27,15,2,0.8823529411764706
378,SHI_C150_M1_FED003_070820_02.CSV,SHI,M,C150_M1,28,17,3,0.85
379,SHI_C150_M1_FED003_070920_02.CSV,SHI,M,C150_M1,28,12,2,0.8571428571428571
380,SHI_C150_M1_FED003_070920_02.CSV,SHI,M,C150_M1,29,20,2,0.9090909090909091
381,SHI_C150_M1_FED003_071020_02.CSV,SHI,M,C150_M1,29,12,3,0.8
382,SHI_C150_M1_FED003_071120_02.CSV,SHI,M,C150_M1,30,14,4,0.7777777777777778
383,SHI_C150_M1_FED003_071120_02.CSV,SHI,M,C150_M1,31,15,5,0.75
384,SHI_C150_M1_FED003_071220_02.CSV,SHI,M,C150_M1,31,19,5,0.7916666666666666
385,SHI_C150_M1_FED003_071420_02.CSV,SHI,M,C150_M1,33,14,4,0.7777777777777778
386,SHI_C150_M1_FED003_071520_02.CSV,SHI,M,C150_M1,35,15,5,0.75
387,SHI_C150_M1_FED003_071620_02.CSV,SHI,M,C150_M1,36,2,3,0.4
388,SHI_C150_M1_FED003_071720_02.CSV,SHI,M,C150_M1,36,11,0,1.0
389,SHI_C150_M1_FED003_071720_02.CSV,SHI,M,C150_M1,37,16,2,0.8888888888888888
390,SHI_C150_M1_FED003_071820_02.CSV,SHI,M,C150_M1,38,14,3,0.8235294117647058
391,SHI_C150_M1_FED003_071920_02.CSV,SHI,M,C150_M1,38,10,1,0.9090909090909091
392,SHI_C150_M1_FED003_072120_02.CSV,SHI,M,C150_M1,40,10,3,0.7692307692307693
393,SHI_C150_M1_FED003_072120_02.CSV,SHI,M,C150_M1,41,10,3,0.7692307692307693
394,SHI_C150_M1_FED003_072320_02.CSV,SHI,M,C150_M1,42,4,1,0.8
395,SHI_C150_M1_FED003_072320_02.CSV,SHI,M,C150_M1,43,10,1,0.9090909090909091
396,SHI_C150_M1_FED003_072420_02.CSV,SHI,M,C150_M1,43,3,0,1.0
397,SHI_C150_M1_FED003_072420_02.CSV,SHI,M,C150_M1,44,11,3,0.7857142857142857
398,SHI_C150_M1_FED003_072520_02.CSV,SHI,M,C150_M1,45,13,4,0.7647058823529411
399,SHI_C150_M1_FED003_072620_02.CSV,SHI,M,C150_M1,45,11,0,1.0
400,SHI_C150_M1_FED003_072620_02.CSV,SHI,M,C150_M1,46,15,1,0.9375
401,SHI_C150_M1_FED003_072720_02.CSV,SHI,M,C150_M1,46,10,4,0.7142857142857143
402,SHI_C150_M2_FED005_061120_01.CSV,SHI,M,C150_M2,1,2,2,0.5
403,SHI_C150_M2_FED005_061220_01.CSV,SHI,M,C150_M2,1,6,4,0.6
404,SHI_C150_M2_FED005_061320_01.CSV,SHI,M,C150_M2,2,6,7,0.46153846153846156
405,SHI_C150_M2_FED005_061420_01.CSV,SHI,M,C150_M2,3,10,9,0.5263157894736842
406,SHI_C150_M2_FED005_061720_01.CSV,SHI,M,C150_M2,7,7,12,0.3684210526315789
407,SHI_C150_M2_FED005_061820_01.CSV,SHI,M,C150_M2,7,9,10,0.47368421052631576
408,SHI_C150_M2_FED005_061920_01.CSV,SHI,M,C150_M2,8,9,4,0.6923076923076923
409,SHI_C150_M2_FED005_062020_01.CSV,SHI,M,C150_M2,9,13,6,0.6842105263157895
410,SHI_C150_M2_FED005_062120_01.CSV,SHI,M,C150_M2,10,12,8,0.6
411,SHI_C150_M2_FED005_062420_01.CSV,SHI,M,C150_M2,13,13,4,0.7647058823529411
412,SHI_C150_M2_FED005_062520_01.CSV,SHI,M,C150_M2,14,12,7,0.631578947368421
413,SHI_C150_M2_FED005_062620_01.CSV,SHI,M,C150_M2,15,11,6,0.6470588235294118
414,SHI_C150_M2_FED005_063020_00.CSV,SHI,M,C150_M2,19,7,3,0.7
415,SHI_C150_M2_FED005_070220_01.CSV,SHI,M,C150_M2,21,10,0,1.0
416,SHI_C150_M2_FED005_070320_01.CSV,SHI,M,C150_M2,22,13,3,0.8125
417,SHI_C150_M2_FED005_070420_01.CSV,SHI,M,C150_M2,23,12,6,0.6666666666666666
418,SHI_C150_M2_FED005_070520_01.CSV,SHI,M,C150_M2,24,12,2,0.8571428571428571
419,SHI_C150_M2_FED005_070820_01.CSV,SHI,M,C150_M2,27,17,7,0.7083333333333334
420,SHI_C150_M2_FED005_070920_01.CSV,SHI,M,C150_M2,28,17,4,0.8095238095238095
421,SHI_C150_M2_FED005_070920_01.CSV,SHI,M,C150_M2,29,18,4,0.8181818181818182
422,SHI_C150_M2_FED005_071020_01.CSV,SHI,M,C150_M2,29,16,1,0.9411764705882353
423,SHI_C150_M2_FED005_071120_01.CSV,SHI,M,C150_M2,30,20,7,0.7407407407407407
424,SHI_C150_M2_FED005_071220_01.CSV,SHI,M,C150_M2,31,19,7,0.7307692307692307
425,SHI_C150_M2_FED005_071420_01.CSV,SHI,M,C150_M2,33,16,5,0.7619047619047619
426,SHI_C150_M2_FED005_071520_02.CSV,SHI,M,C150_M2,34,4,0,1.0
427,SHI_C150_M2_FED005_071520_02.CSV,SHI,M,C150_M2,35,17,3,0.85
428,SHI_C150_M2_FED005_071620_02.CSV,SHI,M,C150_M2,35,15,1,0.9375
429,SHI_C150_M2_FED005_071620_02.CSV,SHI,M,C150_M2,36,18,2,0.9
430,SHI_C150_M2_FED005_071720_04.CSV,SHI,M,C150_M2,37,14,2,0.875
431,SHI_C150_M2_FED005_071820_02.CSV,SHI,M,C150_M2,38,12,3,0.8
432,SHI_C150_M2_FED005_071920_00.CSV,SHI,M,C150_M2,38,14,2,0.875
433,SHI_C150_M2_FED005_072120_02.CSV,SHI,M,C150_M2,40,13,3,0.8125
434,SHI_C150_M2_FED005_072420_02.CSV,SHI,M,C150_M2,43,7,2,0.7777777777777778
435,SHI_C150_M2_FED005_072420_02.CSV,SHI,M,C150_M2,44,12,4,0.75
436,SHI_C150_M2_FED005_072520_02.CSV,SHI,M,C150_M2,44,8,3,0.7272727272727273
437,SHI_C150_M2_FED005_072520_02.CSV,SHI,M,C150_M2,45,15,3,0.8333333333333334
438,SHI_C150_M2_FED005_072620_02.CSV,SHI,M,C150_M2,45,12,4,0.75
439,SHI_C150_M2_FED005_072720_02.CSV,SHI,M,C150_M2,46,15,2,0.8823529411764706
