,MM:DD:YYYY hh:mm:ss,Device_Number,Battery_Voltage,Motor_Turns,Session_Type,Event,Active_Poke,Left_Poke_Count,Right_Poke_Count,Pellet_Count,Retrieval_Time,filename,RelativeTime,poke_int,Errors,Nighttime,RelativeTime2,Retrieval_Time_filt,Errors_binned,Successes_binned,NewRT,active_bias
0.0,2020-06-08 18:49:00,0.0,3.71,3.0,1.0,Poke,Left,20.0,8.0,20.0,NaN,FED1.CSV,0 days 03:54:00,0 days 02:22:00,1.0,0.0,14040.0,NaN,NaN,NaN,0.0,NaN
4.0,2020-06-08 22:36:00,0.0,3.69,3.0,1.0,Poke,Left,45.0,16.0,45.0,NaN,FED1.CSV,0 days 07:41:00,0 days 00:46:00,1.0,1.0,27660.0,NaN,8.0,25.0,4.0,75.75757575757575
8.0,2020-06-09 02:14:00,0.0,3.67,3.0,1.0,Poke,Left,54.0,24.0,54.0,NaN,FED1.CSV,0 days 11:19:00,0 days 01:19:00,1.0,1.0,40740.0,NaN,8.0,9.0,8.0,52.94117647058824
12.0,2020-06-09 06:49:00,0.0,3.66,2.0,1.0,Poke,Left,60.0,32.0,60.0,NaN,FED1.CSV,0 days 15:54:00,0 days 01:17:00,1.0,1.0,57240.0,NaN,8.0,6.0,12.0,42.857142857142854
16.0,2020-06-09 10:40:00,0.0,3.66,3.0,1.0,Poke,Left,70.0,41.0,70.0,NaN,FED1.CSV,0 days 19:45:00,0 days 01:25:00,1.0,0.0,71100.0,NaN,9.0,10.0,16.0,52.63157894736842
20.0,2020-06-09 13:37:00,0.0,3.65,3.0,1.0,Poke,Left,72.0,45.0,72.0,NaN,FED1.CSV,0 days 22:42:00,0 days 02:34:00,1.0,0.0,81720.0,NaN,4.0,2.0,20.0,33.33333333333333
24.0,2020-06-09 18:48:00,0.0,3.64,20.0,1.0,Poke,Left,94.0,66.0,94.0,NaN,FED1.CSV,1 days 03:53:00,0 days 01:56:00,1.0,0.0,100380.0,NaN,21.0,22.0,24.0,51.162790697674424
28.0,2020-06-09 22:43:00,0.0,3.64,9.0,1.0,Poke,Left,116.0,84.0,116.0,NaN,FED1.CSV,1 days 07:48:00,0 days 00:29:00,1.0,1.0,114480.0,NaN,18.0,22.0,28.0,55.00000000000001
32.0,2020-06-10 02:40:00,0.0,3.63,22.0,1.0,Poke,Left,136.0,93.0,136.0,NaN,FED1.CSV,1 days 11:45:00,0 days 00:42:00,1.0,1.0,128700.0,NaN,9.0,20.0,32.0,68.96551724137932
36.0,2020-06-10 06:54:00,0.0,3.62,20.0,1.0,Poke,Left,153.0,101.0,150.0,NaN,FED1.CSV,1 days 15:59:00,0 days 00:37:00,1.0,1.0,143940.0,NaN,8.0,17.0,36.0,68.0
40.0,2020-06-10 10:21:00,0.0,3.62,21.0,1.0,Poke,Left,162.0,106.0,160.0,NaN,FED1.CSV,1 days 19:26:00,0 days 01:29:00,1.0,0.0,156360.0,NaN,5.0,9.0,40.0,64.28571428571429
44.0,2020-06-10 14:25:00,0.0,3.61,3.0,1.0,Poke,Left,170.0,110.0,168.0,NaN,FED1.CSV,1 days 23:30:00,0 days 00:57:00,1.0,0.0,171000.0,NaN,4.0,8.0,44.0,66.66666666666666
48.0,2020-06-10 18:09:00,0.0,4.2,3.0,1.0,Poke,Left,180.0,113.0,178.0,NaN,FED1.CSV,2 days 03:14:00,0 days 00:48:00,1.0,0.0,184440.0,NaN,3.0,10.0,48.0,76.92307692307693
52.0,2020-06-10 22:49:00,0.0,4.17,21.0,1.0,Poke,Left,200.0,132.0,198.0,NaN,FED1.CSV,2 days 07:54:00,0 days 00:52:00,1.0,1.0,201240.0,NaN,19.0,20.0,52.0,51.28205128205128
56.0,2020-06-11 02:53:00,0.0,4.14,3.0,1.0,Poke,Left,216.0,145.0,214.0,NaN,FED1.CSV,2 days 11:58:00,0 days 00:49:00,1.0,1.0,215880.0,NaN,13.0,16.0,56.0,55.172413793103445
60.0,2020-06-11 06:46:00,0.0,4.11,3.0,1.0,Poke,Left,227.0,148.0,225.0,NaN,FED1.CSV,2 days 15:51:00,0 days 00:53:00,1.0,1.0,229860.0,NaN,3.0,11.0,60.0,78.57142857142857
64.0,2020-06-11 09:58:00,0.0,4.1,2.0,1.0,Poke,Left,237.0,152.0,235.0,NaN,FED1.CSV,2 days 19:03:00,0 days 01:01:00,1.0,0.0,241380.0,NaN,4.0,10.0,64.0,71.42857142857143
68.0,2020-06-11 13:44:00,0.0,4.07,2.0,1.0,Poke,Left,242.0,153.0,240.0,NaN,FED1.CSV,2 days 22:49:00,0 days 01:30:00,1.0,0.0,254940.0,NaN,1.0,5.0,68.0,83.33333333333334
72.0,2020-06-11 18:47:00,0.0,4.06,2.0,1.0,Poke,Left,250.0,157.0,248.0,NaN,FED1.CSV,3 days 03:52:00,0 days 01:35:00,1.0,0.0,273120.0,NaN,4.0,8.0,72.0,66.66666666666666
76.0,2020-06-11 22:44:00,0.0,4.05,2.0,1.0,Poke,Left,275.0,174.0,273.0,NaN,FED1.CSV,3 days 07:49:00,0 days 00:37:00,1.0,1.0,287340.0,NaN,17.0,25.0,76.0,59.523809523809526
80.0,2020-06-12 02:32:00,0.0,4.05,3.0,1.0,Poke,Left,290.0,184.0,288.0,NaN,FED1.CSV,3 days 11:37:00,0 days 00:31:00,1.0,1.0,301020.0,NaN,10.0,15.0,80.0,60.0
84.0,2020-06-12 06:24:00,0.0,4.04,3.0,1.0,Poke,Left,303.0,191.0,300.0,NaN,FED1.CSV,3 days 15:29:00,0 days 00:46:00,1.0,1.0,314940.0,NaN,7.0,13.0,84.0,65.0
88.0,2020-06-12 09:57:00,0.0,4.03,2.0,1.0,Poke,Left,308.0,193.0,306.0,NaN,FED1.CSV,3 days 19:02:00,0 days 01:38:00,1.0,0.0,327720.0,NaN,2.0,5.0,88.0,71.42857142857143
92.0,2020-06-12 13:48:00,0.0,4.03,2.0,1.0,Poke,Left,314.0,193.0,312.0,NaN,FED1.CSV,3 days 22:53:00,0 days 01:35:00,0.0,0.0,341580.0,NaN,0.0,6.0,92.0,100.0
96.0,2020-06-12 18:30:00,0.0,4.02,2.0,1.0,Poke,Left,324.0,196.0,322.0,NaN,FED1.CSV,4 days 03:35:00,0 days 01:46:00,1.0,0.0,358500.0,NaN,3.0,10.0,96.0,76.92307692307693
100.0,2020-06-12 22:48:00,0.0,4.01,2.0,1.0,Poke,Left,344.0,203.0,342.0,NaN,FED1.CSV,4 days 07:53:00,0 days 00:41:00,1.0,1.0,373980.0,NaN,7.0,20.0,100.0,74.07407407407408
104.0,2020-06-13 02:33:00,0.0,4.0,2.0,1.0,Poke,Left,363.0,206.0,361.0,NaN,FED1.CSV,4 days 11:38:00,0 days 00:33:00,1.0,1.0,387480.0,NaN,3.0,19.0,104.0,86.36363636363636
108.0,2020-06-13 06:49:00,0.0,3.98,3.0,1.0,Poke,Left,380.0,210.0,378.0,NaN,FED1.CSV,4 days 15:54:00,0 days 00:42:00,1.0,1.0,402840.0,NaN,4.0,17.0,108.0,80.95238095238095
112.0,2020-06-13 09:35:00,0.0,3.95,2.0,1.0,Poke,Left,385.0,212.0,383.0,NaN,FED1.CSV,4 days 18:40:00,0 days 01:07:00,1.0,0.0,412800.0,NaN,2.0,5.0,112.0,71.42857142857143
116.0,2020-06-13 14:14:00,0.0,3.94,3.0,1.0,Poke,Left,390.0,212.0,388.0,NaN,FED1.CSV,4 days 23:19:00,0 days 01:41:00,0.0,0.0,429540.0,NaN,0.0,5.0,116.0,100.0
120.0,2020-06-13 18:51:00,0.0,3.93,2.0,1.0,Poke,Left,400.0,215.0,398.0,NaN,FED1.CSV,5 days 03:56:00,0 days 01:35:00,1.0,0.0,446160.0,NaN,3.0,10.0,120.0,76.92307692307693
124.0,2020-06-13 22:53:00,0.0,3.92,20.0,1.0,Poke,Left,421.0,217.0,419.0,NaN,FED1.CSV,5 days 07:58:00,0 days 00:38:00,1.0,1.0,460680.0,NaN,2.0,21.0,124.0,91.30434782608695
128.0,2020-06-14 02:45:00,0.0,3.91,3.0,1.0,Poke,Left,437.0,218.0,435.0,NaN,FED1.CSV,5 days 11:50:00,0 days 00:57:00,1.0,1.0,474600.0,NaN,1.0,16.0,128.0,94.11764705882352
132.0,2020-06-14 06:47:00,0.0,3.89,4.0,1.0,Poke,Left,453.0,223.0,450.0,NaN,FED1.CSV,5 days 15:52:00,0 days 00:47:00,1.0,1.0,489120.0,NaN,5.0,16.0,132.0,76.19047619047619
136.0,2020-06-14 10:27:00,0.0,3.88,2.0,1.0,Poke,Left,464.0,224.0,462.0,NaN,FED1.CSV,5 days 19:32:00,0 days 01:46:00,1.0,0.0,502320.0,NaN,1.0,11.0,136.0,91.66666666666666
140.0,2020-06-14 13:43:00,0.0,3.87,3.0,1.0,Poke,Left,468.0,228.0,466.0,NaN,FED1.CSV,5 days 22:48:00,0 days 01:06:00,1.0,0.0,514080.0,NaN,4.0,4.0,140.0,50.0
144.0,2020-06-14 18:46:00,0.0,3.85,3.0,1.0,Poke,Left,475.0,229.0,473.0,NaN,FED1.CSV,6 days 03:51:00,0 days 01:34:00,1.0,0.0,532260.0,NaN,1.0,7.0,144.0,87.5
148.0,2020-06-14 22:49:00,0.0,3.84,2.0,1.0,Poke,Left,491.0,235.0,489.0,NaN,FED1.CSV,6 days 07:54:00,0 days 00:49:00,1.0,1.0,546840.0,NaN,6.0,16.0,148.0,72.72727272727273
152.0,2020-06-15 02:46:00,0.0,3.83,21.0,1.0,Poke,Left,506.0,241.0,504.0,NaN,FED1.CSV,6 days 11:51:00,0 days 00:37:00,1.0,1.0,561060.0,NaN,6.0,15.0,152.0,71.42857142857143
156.0,2020-06-15 06:44:00,0.0,3.82,2.0,1.0,Poke,Left,527.0,246.0,525.0,NaN,FED1.CSV,6 days 15:49:00,0 days 00:32:00,1.0,1.0,575340.0,NaN,5.0,21.0,156.0,80.76923076923077
160.0,2020-06-15 10:48:00,0.0,3.8,2.0,1.0,Poke,Left,534.0,250.0,532.0,NaN,FED1.CSV,6 days 19:53:00,0 days 01:12:00,1.0,0.0,589980.0,NaN,4.0,7.0,160.0,63.63636363636363
164.0,2020-06-15 14:46:00,0.0,3.78,2.0,1.0,Poke,Left,541.0,254.0,539.0,NaN,FED1.CSV,6 days 23:51:00,0 days 01:17:00,1.0,0.0,604260.0,NaN,4.0,7.0,164.0,63.63636363636363
168.0,2020-06-15 16:56:00,0.0,3.76,2.0,1.0,Poke,Left,547.0,255.0,545.0,NaN,FED1.CSV,7 days 02:01:00,0 days 01:32:00,1.0,0.0,612060.0,NaN,1.0,6.0,168.0,85.71428571428571
0.0,2020-06-09 20:01:29,0.0,4.05,5.0,1.0,Poke,Left,31.0,23.0,31.0,NaN,FED10.CSV,0 days 03:54:45,0 days 00:31:13,1.0,1.0,14085.0,NaN,NaN,NaN,0.0,NaN
4.0,2020-06-09 23:55:25,0.0,4.05,8.0,1.0,Poke,Left,57.0,29.0,57.0,NaN,FED10.CSV,0 days 07:48:41,0 days 01:09:34,1.0,1.0,28121.0,NaN,6.0,26.0,4.0,81.25
8.0,2020-06-10 03:55:41,0.0,4.03,7.0,1.0,Poke,Left,74.0,34.0,74.0,NaN,FED10.CSV,0 days 11:48:57,0 days 00:51:21,1.0,1.0,42537.0,NaN,5.0,17.0,8.0,77.27272727272727
12.0,2020-06-10 06:32:57,0.0,4.05,6.0,1.0,Poke,Left,88.0,54.0,87.0,NaN,FED10.CSV,0 days 14:26:13,0 days 00:28:07,1.0,1.0,51973.0,NaN,20.0,14.0,12.0,41.17647058823529
16.0,2020-06-10 11:02:07,0.0,4.05,3.0,1.0,Poke,Left,92.0,59.0,92.0,NaN,FED10.CSV,0 days 18:55:23,0 days 03:17:15,1.0,0.0,68123.0,NaN,5.0,4.0,16.0,44.44444444444444
20.0,2020-06-10 15:43:22,0.0,4.02,5.0,1.0,Poke,Left,98.0,60.0,98.0,NaN,FED10.CSV,0 days 23:36:38,0 days 02:11:39,1.0,0.0,84998.0,NaN,1.0,6.0,20.0,85.71428571428571
24.0,2020-06-10 19:55:54,0.0,4.0,4.0,1.0,Poke,Left,116.0,70.0,116.0,NaN,FED10.CSV,1 days 03:49:10,0 days 01:33:01,1.0,1.0,100150.0,NaN,10.0,18.0,24.0,64.28571428571429
28.0,2020-06-11 00:02:19,0.0,3.99,4.0,1.0,Poke,Left,136.0,83.0,136.0,NaN,FED10.CSV,1 days 07:55:35,0 days 00:52:12,1.0,1.0,114935.0,NaN,13.0,20.0,28.0,60.60606060606061
32.0,2020-06-11 03:55:30,0.0,3.98,3.0,1.0,Poke,Left,148.0,88.0,148.0,NaN,FED10.CSV,1 days 11:48:46,0 days 01:05:18,1.0,1.0,128926.0,NaN,5.0,12.0,32.0,70.58823529411765
36.0,2020-06-11 08:00:04,0.0,3.96,5.0,1.0,Poke,Left,162.0,95.0,162.0,NaN,FED10.CSV,1 days 15:53:20,0 days 02:00:53,1.0,1.0,143600.0,NaN,7.0,14.0,36.0,66.66666666666666
40.0,2020-06-11 12:05:53,0.0,3.96,3.0,1.0,Poke,Left,167.0,96.0,167.0,NaN,FED10.CSV,1 days 19:59:09,0 days 03:27:25,1.0,0.0,158349.0,NaN,1.0,5.0,40.0,83.33333333333334
44.0,2020-06-11 15:13:50,0.0,3.94,0.0,1.0,Poke,Left,167.0,98.0,167.0,NaN,FED10.CSV,1 days 23:07:06,0 days 02:47:46,1.0,0.0,169626.0,NaN,2.0,0.0,44.0,0.0
48.0,2020-06-11 19:54:01,0.0,3.93,3.0,1.0,Poke,Left,183.0,104.0,183.0,NaN,FED10.CSV,2 days 03:47:17,0 days 01:34:08,1.0,1.0,186437.0,NaN,6.0,16.0,48.0,72.72727272727273
52.0,2020-06-11 23:57:49,0.0,3.9,4.0,1.0,Poke,Left,203.0,115.0,203.0,NaN,FED10.CSV,2 days 07:51:05,0 days 01:05:23,1.0,1.0,201065.0,NaN,11.0,20.0,52.0,64.51612903225806
56.0,2020-06-12 03:59:31,0.0,3.9,5.0,1.0,Poke,Left,221.0,122.0,221.0,NaN,FED10.CSV,2 days 11:52:47,0 days 00:43:05,1.0,1.0,215567.0,NaN,7.0,18.0,56.0,72.0
60.0,2020-06-12 06:33:04,0.0,3.88,4.0,1.0,Poke,Left,232.0,126.0,232.0,NaN,FED10.CSV,2 days 14:26:20,0 days 00:20:30,1.0,1.0,224780.0,NaN,4.0,11.0,60.0,73.33333333333333
64.0,2020-06-12 11:07:47,0.0,3.85,2.0,1.0,Poke,Left,234.0,128.0,234.0,NaN,FED10.CSV,2 days 19:01:03,0 days 02:21:37,1.0,0.0,241263.0,NaN,2.0,2.0,64.0,50.0
68.0,2020-06-12 15:25:46,0.0,3.85,3.0,1.0,Poke,Left,241.0,131.0,241.0,NaN,FED10.CSV,2 days 23:19:02,0 days 01:58:41,1.0,0.0,256742.0,NaN,3.0,7.0,68.0,70.0
72.0,2020-06-12 20:01:46,0.0,3.84,4.0,1.0,Poke,Left,258.0,136.0,258.0,NaN,FED10.CSV,3 days 03:55:02,0 days 01:59:53,1.0,1.0,273302.0,NaN,5.0,17.0,72.0,77.27272727272727
76.0,2020-06-12 23:46:41,0.0,3.84,4.0,1.0,Poke,Left,274.0,140.0,274.0,NaN,FED10.CSV,3 days 07:39:57,0 days 00:38:39,1.0,1.0,286797.0,NaN,4.0,16.0,76.0,80.0
80.0,2020-06-13 03:54:51,0.0,3.84,5.0,1.0,Poke,Left,288.0,143.0,288.0,NaN,FED10.CSV,3 days 11:48:07,0 days 00:51:24,1.0,1.0,301687.0,NaN,3.0,14.0,80.0,82.35294117647058
84.0,2020-06-13 06:55:16,0.0,3.82,5.0,1.0,Poke,Left,305.0,153.0,305.0,NaN,FED10.CSV,3 days 14:48:32,0 days 00:20:53,1.0,1.0,312512.0,NaN,10.0,17.0,84.0,62.96296296296296
88.0,2020-06-13 10:04:38,0.0,3.77,2.0,1.0,Poke,Left,308.0,154.0,308.0,NaN,FED10.CSV,3 days 17:57:54,0 days 02:46:02,1.0,0.0,323874.0,NaN,1.0,3.0,88.0,75.0
92.0,2020-06-13 15:38:58,0.0,3.76,2.0,1.0,Poke,Left,311.0,155.0,311.0,NaN,FED10.CSV,3 days 23:32:14,0 days 03:01:31,1.0,0.0,343934.0,NaN,1.0,3.0,92.0,75.0
96.0,2020-06-13 20:00:00,0.0,3.76,4.0,1.0,Poke,Left,332.0,161.0,332.0,NaN,FED10.CSV,4 days 03:53:16,0 days 00:48:07,1.0,1.0,359596.0,NaN,6.0,21.0,96.0,77.77777777777779
100.0,2020-06-14 00:01:23,0.0,3.74,4.0,1.0,Poke,Left,354.0,164.0,354.0,NaN,FED10.CSV,4 days 07:54:39,0 days 00:30:29,1.0,1.0,374079.0,NaN,3.0,22.0,100.0,88.0
104.0,2020-06-14 03:33:45,0.0,3.71,5.0,1.0,Poke,Left,371.0,167.0,371.0,NaN,FED10.CSV,4 days 11:27:01,0 days 00:26:06,1.0,1.0,386821.0,NaN,3.0,17.0,104.0,85.0
108.0,2020-06-14 07:20:14,0.0,3.68,4.0,1.0,Poke,Left,384.0,176.0,384.0,NaN,FED10.CSV,4 days 15:13:30,0 days 00:42:13,1.0,1.0,400410.0,NaN,9.0,13.0,108.0,59.09090909090909
112.0,2020-06-14 12:03:25,0.0,3.65,4.0,1.0,Poke,Left,387.0,178.0,387.0,NaN,FED10.CSV,4 days 19:56:41,0 days 03:21:49,1.0,0.0,417401.0,NaN,2.0,3.0,112.0,60.0
116.0,2020-06-14 15:40:58,0.0,3.63,3.0,1.0,Poke,Left,391.0,178.0,391.0,NaN,FED10.CSV,4 days 23:34:14,0 days 02:39:15,0.0,0.0,430454.0,NaN,0.0,4.0,116.0,100.0
120.0,2020-06-14 19:59:36,0.0,3.62,5.0,1.0,Poke,Left,404.0,186.0,404.0,NaN,FED10.CSV,5 days 03:52:52,0 days 00:50:00,1.0,1.0,445972.0,NaN,8.0,13.0,120.0,61.904761904761905
124.0,2020-06-15 00:06:01,0.0,3.61,5.0,1.0,Poke,Left,424.0,190.0,423.0,NaN,FED10.CSV,5 days 07:59:17,0 days 00:26:36,1.0,1.0,460757.0,NaN,4.0,20.0,124.0,83.33333333333334
128.0,2020-06-15 03:46:43,0.0,3.58,4.0,1.0,Poke,Left,436.0,197.0,436.0,NaN,FED10.CSV,5 days 11:39:59,0 days 00:36:23,1.0,1.0,473999.0,NaN,7.0,12.0,128.0,63.1578947368421
132.0,2020-06-15 07:58:25,0.0,3.58,6.0,1.0,Poke,Left,450.0,204.0,450.0,NaN,FED10.CSV,5 days 15:51:41,0 days 01:13:46,1.0,1.0,489101.0,NaN,7.0,14.0,132.0,66.66666666666666
136.0,2020-06-15 11:22:17,0.0,3.54,4.0,1.0,Poke,Left,455.0,205.0,455.0,NaN,FED10.CSV,5 days 19:15:33,0 days 02:45:41,1.0,0.0,501333.0,NaN,1.0,5.0,136.0,83.33333333333334
140.0,2020-06-15 15:23:55,0.0,3.55,3.0,1.0,Poke,Left,460.0,205.0,460.0,NaN,FED10.CSV,5 days 23:17:11,0 days 01:37:11,0.0,0.0,515831.0,NaN,0.0,5.0,140.0,100.0
144.0,2020-06-15 16:26:23,0.0,3.55,1.0,1.0,Poke,Left,463.0,205.0,463.0,NaN,FED10.CSV,6 days 00:19:39,0 days 00:49:35,0.0,0.0,519579.0,NaN,0.0,3.0,144.0,100.0
0.0,2020-06-08 18:00:19,0.0,3.88,3.0,1.0,Poke,Left,14.0,15.0,14.0,NaN,FED2.CSV,0 days 03:58:42,0 days 01:28:41,1.0,0.0,14322.0,NaN,NaN,NaN,0.0,NaN
4.0,2020-06-08 21:11:41,0.0,3.85,3.0,1.0,Poke,Left,33.0,26.0,33.0,NaN,FED2.CSV,0 days 07:10:04,0 days 00:47:34,1.0,1.0,25804.0,NaN,11.0,19.0,4.0,63.33333333333333
8.0,2020-06-09 00:56:37,0.0,3.83,3.0,1.0,Poke,Left,43.0,26.0,43.0,NaN,FED2.CSV,0 days 10:55:00,0 days 03:22:02,0.0,1.0,39300.0,NaN,0.0,10.0,8.0,100.0
12.0,2020-06-09 05:39:17,0.0,3.81,8.0,1.0,Poke,Left,50.0,32.0,50.0,NaN,FED2.CSV,0 days 15:37:40,0 days 01:37:31,1.0,1.0,56260.0,NaN,6.0,7.0,12.0,53.84615384615385
16.0,2020-06-09 09:54:53,0.0,3.79,2.0,1.0,Poke,Left,55.0,34.0,55.0,NaN,FED2.CSV,0 days 19:53:16,0 days 01:52:27,1.0,0.0,71596.0,NaN,2.0,5.0,16.0,71.42857142857143
20.0,2020-06-09 10:05:38,0.0,3.75,0.0,1.0,Poke,Left,55.0,35.0,55.0,NaN,FED2.CSV,0 days 20:04:01,0 days 00:10:45,1.0,0.0,72241.0,NaN,1.0,0.0,20.0,0.0
24.0,2020-06-09 17:56:43,0.0,3.73,2.0,1.0,Poke,Left,63.0,42.0,63.0,NaN,FED2.CSV,1 days 03:55:06,0 days 05:51:40,1.0,0.0,100506.0,NaN,7.0,8.0,24.0,53.333333333333336
28.0,2020-06-09 21:44:50,0.0,3.72,3.0,1.0,Poke,Left,81.0,55.0,81.0,NaN,FED2.CSV,1 days 07:43:13,0 days 00:36:55,1.0,1.0,114193.0,NaN,13.0,18.0,28.0,58.06451612903226
32.0,2020-06-10 01:35:55,0.0,3.69,2.0,1.0,Poke,Left,97.0,58.0,97.0,NaN,FED2.CSV,1 days 11:34:18,0 days 00:48:02,1.0,1.0,128058.0,NaN,3.0,16.0,32.0,84.21052631578947
36.0,2020-06-10 05:58:11,0.0,3.67,3.0,1.0,Poke,Left,107.0,65.0,107.0,NaN,FED2.CSV,1 days 15:56:34,0 days 01:00:34,1.0,1.0,143794.0,NaN,7.0,10.0,36.0,58.82352941176471
40.0,2020-06-10 08:26:49,0.0,3.65,2.0,1.0,Poke,Left,112.0,66.0,112.0,NaN,FED2.CSV,1 days 18:25:12,0 days 01:18:41,1.0,0.0,152712.0,NaN,1.0,5.0,40.0,83.33333333333334
44.0,2020-06-10 13:28:29,0.0,3.64,1.0,1.0,Poke,Left,117.0,67.0,117.0,NaN,FED2.CSV,1 days 23:26:52,0 days 02:36:51,1.0,0.0,170812.0,NaN,1.0,5.0,44.0,83.33333333333334
48.0,2020-06-10 17:17:56,0.0,4.27,2.0,1.0,Poke,Left,125.0,69.0,125.0,NaN,FED2.CSV,2 days 03:16:19,0 days 01:43:56,1.0,0.0,184579.0,NaN,2.0,8.0,48.0,80.0
52.0,2020-06-10 21:32:06,0.0,4.24,2.0,1.0,Poke,Left,136.0,79.0,136.0,NaN,FED2.CSV,2 days 07:30:29,0 days 01:10:13,1.0,1.0,199829.0,NaN,10.0,11.0,52.0,52.38095238095239
56.0,2020-06-11 02:00:21,0.0,4.21,2.0,1.0,Poke,Left,154.0,82.0,154.0,NaN,FED2.CSV,2 days 11:58:44,0 days 00:45:50,1.0,1.0,215924.0,NaN,3.0,18.0,56.0,85.71428571428571
60.0,2020-06-11 05:33:40,0.0,4.17,2.0,1.0,Poke,Left,163.0,87.0,163.0,NaN,FED2.CSV,2 days 15:32:03,0 days 01:05:50,1.0,1.0,228723.0,NaN,5.0,9.0,60.0,64.28571428571429
64.0,2020-06-11 08:52:58,0.0,4.15,1.0,1.0,Poke,Left,172.0,91.0,172.0,NaN,FED2.CSV,2 days 18:51:21,0 days 01:25:52,1.0,0.0,240681.0,NaN,4.0,9.0,64.0,69.23076923076923
68.0,2020-06-11 12:34:27,0.0,4.14,1.0,1.0,Poke,Left,178.0,91.0,178.0,NaN,FED2.CSV,2 days 22:32:50,0 days 02:06:37,0.0,0.0,253970.0,NaN,0.0,6.0,68.0,100.0
72.0,2020-06-11 17:10:00,0.0,4.13,2.0,1.0,Poke,Left,185.0,93.0,185.0,NaN,FED2.CSV,3 days 03:08:23,0 days 02:02:13,1.0,0.0,270503.0,NaN,2.0,7.0,72.0,77.77777777777779
76.0,2020-06-11 21:09:02,0.0,4.12,3.0,1.0,Poke,Left,201.0,97.0,201.0,NaN,FED2.CSV,3 days 07:07:25,0 days 00:58:14,1.0,1.0,284845.0,NaN,4.0,16.0,76.0,80.0
80.0,2020-06-12 01:37:00,0.0,4.12,3.0,1.0,Poke,Left,211.0,100.0,211.0,NaN,FED2.CSV,3 days 11:35:23,0 days 01:17:53,1.0,1.0,300923.0,NaN,3.0,10.0,80.0,76.92307692307693
84.0,2020-06-12 05:50:06,0.0,4.11,2.0,1.0,Poke,Left,221.0,105.0,221.0,NaN,FED2.CSV,3 days 15:48:29,0 days 02:13:52,1.0,1.0,316109.0,NaN,5.0,10.0,84.0,66.66666666666666
88.0,2020-06-12 09:19:05,0.0,4.1,2.0,1.0,Poke,Left,235.0,109.0,235.0,NaN,FED2.CSV,3 days 19:17:28,0 days 00:48:50,1.0,0.0,328648.0,NaN,4.0,14.0,88.0,77.77777777777779
92.0,2020-06-12 13:53:42,0.0,4.07,1.0,1.0,Poke,Left,239.0,111.0,239.0,NaN,FED2.CSV,3 days 23:52:05,0 days 02:22:00,1.0,0.0,345125.0,NaN,2.0,4.0,92.0,66.66666666666666
96.0,2020-06-12 17:09:15,0.0,4.06,2.0,1.0,Poke,Left,242.0,116.0,242.0,NaN,FED2.CSV,4 days 03:07:38,0 days 01:36:01,1.0,0.0,356858.0,NaN,5.0,3.0,96.0,37.5
100.0,2020-06-12 21:14:09,0.0,4.05,3.0,1.0,Poke,Left,259.0,125.0,259.0,NaN,FED2.CSV,4 days 07:12:32,0 days 01:03:18,1.0,1.0,371552.0,NaN,9.0,17.0,100.0,65.38461538461539
104.0,2020-06-13 01:49:13,0.0,4.02,3.0,1.0,Poke,Left,275.0,132.0,275.0,NaN,FED2.CSV,4 days 11:47:36,0 days 01:09:51,1.0,1.0,388056.0,NaN,7.0,16.0,104.0,69.56521739130434
108.0,2020-06-13 05:49:12,0.0,4.0,2.0,1.0,Poke,Left,287.0,136.0,287.0,NaN,FED2.CSV,4 days 15:47:35,0 days 01:12:36,1.0,1.0,402455.0,NaN,4.0,12.0,108.0,75.0
112.0,2020-06-13 09:34:45,0.0,3.98,3.0,1.0,Poke,Left,298.0,148.0,298.0,NaN,FED2.CSV,4 days 19:33:08,0 days 02:20:38,1.0,0.0,415988.0,NaN,12.0,11.0,112.0,47.82608695652174
116.0,2020-06-13 12:14:15,0.0,3.96,1.0,1.0,Poke,Left,301.0,152.0,301.0,NaN,FED2.CSV,4 days 22:12:38,0 days 02:25:08,1.0,0.0,425558.0,NaN,4.0,3.0,116.0,42.857142857142854
120.0,2020-06-13 17:57:24,0.0,3.95,3.0,1.0,Poke,Left,310.0,155.0,310.0,NaN,FED2.CSV,5 days 03:55:47,0 days 02:46:43,1.0,0.0,446147.0,NaN,3.0,9.0,120.0,75.0
124.0,2020-06-13 21:58:00,0.0,3.94,2.0,1.0,Poke,Left,322.0,167.0,322.0,NaN,FED2.CSV,5 days 07:56:23,0 days 00:57:19,1.0,1.0,460583.0,NaN,12.0,12.0,124.0,50.0
128.0,2020-06-14 00:37:30,0.0,3.93,2.0,1.0,Poke,Left,334.0,171.0,334.0,NaN,FED2.CSV,5 days 10:35:53,0 days 00:40:50,1.0,1.0,470153.0,NaN,4.0,12.0,128.0,75.0
132.0,2020-06-14 05:58:28,0.0,3.92,3.0,1.0,Poke,Left,346.0,177.0,346.0,NaN,FED2.CSV,5 days 15:56:51,0 days 01:46:14,1.0,1.0,489411.0,NaN,6.0,12.0,132.0,66.66666666666666
136.0,2020-06-14 08:34:13,0.0,3.9,2.0,1.0,Poke,Left,350.0,177.0,350.0,NaN,FED2.CSV,5 days 18:32:36,0 days 02:12:43,0.0,0.0,498756.0,NaN,0.0,4.0,136.0,100.0
140.0,2020-06-14 11:15:11,0.0,3.89,2.0,1.0,Poke,Left,355.0,177.0,355.0,NaN,FED2.CSV,5 days 21:13:34,0 days 02:17:59,0.0,0.0,508414.0,NaN,0.0,5.0,140.0,100.0
144.0,2020-06-14 17:39:20,0.0,3.87,2.0,1.0,Poke,Left,365.0,181.0,365.0,NaN,FED2.CSV,6 days 03:37:43,0 days 04:03:09,1.0,0.0,531463.0,NaN,4.0,10.0,144.0,71.42857142857143
148.0,2020-06-14 21:17:20,0.0,3.85,2.0,1.0,Poke,Left,382.0,190.0,382.0,NaN,FED2.CSV,6 days 07:15:43,0 days 01:01:54,1.0,1.0,544543.0,NaN,9.0,17.0,148.0,65.38461538461539
152.0,2020-06-15 02:01:27,0.0,3.83,1.0,1.0,Poke,Left,392.0,198.0,392.0,NaN,FED2.CSV,6 days 11:59:50,0 days 01:21:37,1.0,1.0,561590.0,NaN,8.0,10.0,152.0,55.55555555555556
156.0,2020-06-15 05:58:00,0.0,3.8,3.0,1.0,Poke,Left,406.0,214.0,406.0,NaN,FED2.CSV,6 days 15:56:23,0 days 01:49:22,1.0,1.0,575783.0,NaN,16.0,14.0,156.0,46.666666666666664
160.0,2020-06-15 09:14:59,0.0,3.77,1.0,1.0,Poke,Left,413.0,220.0,413.0,NaN,FED2.CSV,6 days 19:13:22,0 days 00:53:47,1.0,0.0,587602.0,NaN,6.0,7.0,160.0,53.84615384615385
164.0,2020-06-15 11:41:46,0.0,3.74,3.0,1.0,Poke,Left,418.0,221.0,418.0,NaN,FED2.CSV,6 days 21:40:09,0 days 01:38:17,1.0,0.0,596409.0,NaN,1.0,5.0,164.0,83.33333333333334
168.0,2020-06-15 15:22:26,0.0,3.72,3.0,1.0,Poke,Left,423.0,222.0,423.0,NaN,FED2.CSV,7 days 01:20:49,0 days 02:31:25,1.0,0.0,609649.0,NaN,1.0,5.0,168.0,83.33333333333334
0.0,2020-06-09 19:31:52,0.0,4.2,20.0,1.0,Poke,Left,38.0,16.0,38.0,NaN,FED3.CSV,0 days 03:53:12,0 days 00:43:30,1.0,1.0,13992.0,NaN,NaN,NaN,0.0,NaN
4.0,2020-06-09 23:36:34,0.0,4.16,20.0,1.0,Poke,Left,73.0,31.0,66.0,NaN,FED3.CSV,0 days 07:57:54,0 days 00:36:40,1.0,1.0,28674.0,NaN,15.0,35.0,4.0,70.0
8.0,2020-06-10 03:01:32,0.0,4.12,20.0,1.0,Poke,Left,87.0,37.0,76.0,NaN,FED3.CSV,0 days 11:22:52,0 days 02:29:00,1.0,1.0,40972.0,NaN,6.0,14.0,8.0,70.0
12.0,2020-06-10 07:36:47,0.0,4.11,21.0,1.0,Poke,Left,108.0,47.0,94.0,NaN,FED3.CSV,0 days 15:58:07,0 days 01:23:15,1.0,1.0,57487.0,NaN,10.0,21.0,12.0,67.74193548387096
16.0,2020-06-10 10:22:41,0.0,4.09,20.0,1.0,Poke,Left,115.0,50.0,100.0,NaN,FED3.CSV,0 days 18:44:01,0 days 01:57:06,1.0,0.0,67441.0,NaN,3.0,7.0,16.0,70.0
20.0,2020-06-10 15:31:15,0.0,4.06,22.0,1.0,Poke,Left,126.0,57.0,109.0,NaN,FED3.CSV,0 days 23:52:35,0 days 03:22:46,1.0,0.0,85955.0,NaN,7.0,11.0,20.0,61.111111111111114
24.0,2020-06-10 19:37:30,0.0,4.05,20.0,1.0,Poke,Left,154.0,64.0,131.0,NaN,FED3.CSV,1 days 03:58:50,0 days 01:22:02,1.0,1.0,100730.0,NaN,7.0,28.0,24.0,80.0
28.0,2020-06-10 22:57:46,0.0,4.04,20.0,1.0,Poke,Left,174.0,71.0,150.0,NaN,FED3.CSV,1 days 07:19:06,0 days 01:05:09,1.0,1.0,112746.0,NaN,7.0,20.0,28.0,74.07407407407408
32.0,2020-06-11 03:30:51,0.0,4.02,20.0,1.0,Poke,Left,193.0,82.0,168.0,NaN,FED3.CSV,1 days 11:52:11,0 days 01:21:55,1.0,1.0,129131.0,NaN,11.0,19.0,32.0,63.33333333333333
36.0,2020-06-11 06:53:51,0.0,4.0,20.0,1.0,Poke,Left,208.0,87.0,183.0,NaN,FED3.CSV,1 days 15:15:11,0 days 01:10:38,1.0,1.0,141311.0,NaN,5.0,15.0,36.0,75.0
40.0,2020-06-11 10:20:55,0.0,3.98,20.0,1.0,Poke,Left,212.0,89.0,187.0,NaN,FED3.CSV,1 days 18:42:15,0 days 01:55:41,1.0,0.0,153735.0,NaN,2.0,4.0,40.0,66.66666666666666
44.0,2020-06-11 12:52:10,0.0,3.96,20.0,1.0,Poke,Left,215.0,90.0,190.0,NaN,FED3.CSV,1 days 21:13:30,0 days 01:56:40,1.0,0.0,162810.0,NaN,1.0,3.0,44.0,75.0
48.0,2020-06-11 19:36:57,0.0,3.95,20.0,1.0,Poke,Left,233.0,98.0,205.0,NaN,FED3.CSV,2 days 03:58:17,0 days 03:14:35,1.0,1.0,187097.0,NaN,8.0,18.0,48.0,69.23076923076923
52.0,2020-06-11 23:02:21,0.0,3.93,22.0,1.0,Poke,Left,253.0,107.0,224.0,NaN,FED3.CSV,2 days 07:23:41,0 days 00:41:31,1.0,1.0,199421.0,NaN,9.0,20.0,52.0,68.96551724137932
56.0,2020-06-12 02:43:13,0.0,3.92,23.0,1.0,Poke,Left,273.0,112.0,242.0,NaN,FED3.CSV,2 days 11:04:33,0 days 01:16:25,1.0,1.0,212673.0,NaN,5.0,20.0,56.0,80.0
60.0,2020-06-12 06:00:07,0.0,3.91,20.0,1.0,Poke,Left,287.0,115.0,257.0,NaN,FED3.CSV,2 days 14:21:27,0 days 01:03:31,1.0,1.0,224487.0,NaN,3.0,14.0,60.0,82.35294117647058
64.0,2020-06-12 11:24:36,0.0,3.89,20.0,1.0,Poke,Left,296.0,115.0,265.0,NaN,FED3.CSV,2 days 19:45:56,0 days 02:05:01,0.0,0.0,243956.0,NaN,0.0,9.0,64.0,100.0
68.0,2020-06-12 15:03:41,0.0,3.86,20.0,1.0,Poke,Left,306.0,118.0,275.0,NaN,FED3.CSV,2 days 23:25:01,0 days 01:29:41,1.0,0.0,257101.0,NaN,3.0,10.0,68.0,76.92307692307693
72.0,2020-06-12 19:37:04,0.0,3.84,23.0,1.0,Poke,Left,329.0,124.0,297.0,NaN,FED3.CSV,3 days 03:58:24,0 days 01:23:23,1.0,1.0,273504.0,NaN,6.0,23.0,72.0,79.3103448275862
76.0,2020-06-12 23:03:09,0.0,3.83,23.0,1.0,Poke,Left,350.0,129.0,317.0,NaN,FED3.CSV,3 days 07:24:29,0 days 00:54:35,1.0,1.0,285869.0,NaN,5.0,21.0,76.0,80.76923076923077
80.0,2020-06-13 03:38:11,0.0,3.8,20.0,1.0,Poke,Left,363.0,133.0,330.0,NaN,FED3.CSV,3 days 11:59:31,0 days 01:22:43,1.0,1.0,302371.0,NaN,4.0,13.0,80.0,76.47058823529412
84.0,2020-06-13 06:28:17,0.0,3.77,22.0,1.0,Poke,Left,381.0,142.0,346.0,NaN,FED3.CSV,3 days 14:49:37,0 days 00:45:01,1.0,1.0,312577.0,NaN,9.0,18.0,84.0,66.66666666666666
88.0,2020-06-13 10:08:33,0.0,3.74,20.0,1.0,Poke,Left,386.0,145.0,351.0,NaN,FED3.CSV,3 days 18:29:53,0 days 01:53:35,1.0,0.0,325793.0,NaN,3.0,5.0,88.0,62.5
92.0,2020-06-13 14:56:56,0.0,3.73,20.0,1.0,Poke,Left,394.0,148.0,359.0,NaN,FED3.CSV,3 days 23:18:16,0 days 02:01:11,1.0,0.0,343096.0,NaN,3.0,8.0,92.0,72.72727272727273
96.0,2020-06-13 19:33:31,0.0,3.71,21.0,1.0,Poke,Left,413.0,152.0,378.0,NaN,FED3.CSV,4 days 03:54:51,0 days 01:54:15,1.0,1.0,359691.0,NaN,4.0,19.0,96.0,82.6086956521739
100.0,2020-06-13 23:38:13,0.0,3.69,20.0,1.0,Poke,Left,431.0,156.0,396.0,NaN,FED3.CSV,4 days 07:59:33,0 days 01:08:27,1.0,1.0,374373.0,NaN,4.0,18.0,100.0,81.81818181818183
104.0,2020-06-14 03:30:02,0.0,3.68,20.0,1.0,Poke,Left,445.0,160.0,408.0,NaN,FED3.CSV,4 days 11:51:22,0 days 01:14:24,1.0,1.0,388282.0,NaN,4.0,14.0,104.0,77.77777777777779
108.0,2020-06-14 07:02:45,0.0,3.67,20.0,1.0,Poke,Left,460.0,167.0,423.0,NaN,FED3.CSV,4 days 15:24:05,0 days 00:41:32,1.0,1.0,401045.0,NaN,7.0,15.0,108.0,68.18181818181817
112.0,2020-06-14 09:51:47,0.0,3.65,2.0,1.0,Poke,Left,461.0,167.0,424.0,NaN,FED3.CSV,4 days 18:13:07,0 days 02:48:57,0.0,0.0,411187.0,NaN,0.0,1.0,112.0,100.0
116.0,2020-06-14 13:29:13,0.0,3.65,20.0,1.0,Poke,Left,463.0,167.0,426.0,NaN,FED3.CSV,4 days 21:50:33,0 days 03:36:19,0.0,0.0,424233.0,NaN,0.0,2.0,116.0,100.0
120.0,2020-06-14 19:30:34,0.0,3.65,23.0,1.0,Poke,Left,479.0,175.0,442.0,NaN,FED3.CSV,5 days 03:51:54,0 days 02:29:08,1.0,1.0,445914.0,NaN,8.0,16.0,120.0,66.66666666666666
124.0,2020-06-14 23:33:30,0.0,3.64,40.0,1.0,Poke,Left,497.0,179.0,460.0,NaN,FED3.CSV,5 days 07:54:50,0 days 01:20:12,1.0,1.0,460490.0,NaN,4.0,18.0,124.0,81.81818181818183
128.0,2020-06-15 03:01:49,0.0,3.64,22.0,1.0,Poke,Left,510.0,185.0,473.0,NaN,FED3.CSV,5 days 11:23:09,0 days 01:33:38,1.0,1.0,472989.0,NaN,6.0,13.0,128.0,68.42105263157895
132.0,2020-06-15 07:36:25,0.0,3.62,40.0,1.0,Poke,Left,524.0,193.0,487.0,NaN,FED3.CSV,5 days 15:57:45,0 days 01:01:21,1.0,1.0,489465.0,NaN,8.0,14.0,132.0,63.63636363636363
136.0,2020-06-15 08:03:16,0.0,3.62,20.0,1.0,Poke,Left,527.0,193.0,490.0,NaN,FED3.CSV,5 days 16:24:36,0 days 00:10:05,0.0,0.0,491076.0,NaN,0.0,3.0,136.0,100.0
140.0,2020-06-15 15:07:15,0.0,3.61,29.0,1.0,Poke,Left,533.0,193.0,495.0,NaN,FED3.CSV,5 days 23:28:35,0 days 03:44:17,0.0,0.0,516515.0,NaN,0.0,6.0,140.0,100.0
144.0,2020-06-15 16:30:11,0.0,3.6,20.0,1.0,Poke,Left,536.0,194.0,498.0,NaN,FED3.CSV,6 days 00:51:31,0 days 01:11:44,1.0,0.0,521491.0,NaN,1.0,3.0,144.0,75.0
0.0,2020-06-08 17:35:43,0.0,4.19,8.0,1.0,Poke,Left,10.0,12.0,10.0,NaN,FED4.CSV,0 days 03:29:05,0 days 01:59:44,1.0,0.0,12545.0,NaN,NaN,NaN,0.0,NaN
4.0,2020-06-08 22:04:10,0.0,4.14,4.0,1.0,Poke,Left,32.0,32.0,32.0,NaN,FED4.CSV,0 days 07:57:32,0 days 00:42:52,1.0,1.0,28652.0,NaN,20.0,22.0,4.0,52.38095238095239
8.0,2020-06-09 01:18:28,0.0,4.11,4.0,1.0,Poke,Left,39.0,35.0,39.0,NaN,FED4.CSV,0 days 11:11:50,0 days 01:26:45,1.0,1.0,40310.0,NaN,3.0,7.0,8.0,70.0
12.0,2020-06-09 05:53:52,0.0,4.09,3.0,1.0,Poke,Left,54.0,37.0,54.0,NaN,FED4.CSV,0 days 15:47:14,0 days 01:22:39,1.0,1.0,56834.0,NaN,2.0,15.0,12.0,88.23529411764706
16.0,2020-06-09 09:37:37,0.0,4.06,3.0,1.0,Poke,Left,61.0,42.0,61.0,NaN,FED4.CSV,0 days 19:30:59,0 days 02:05:18,1.0,0.0,70259.0,NaN,5.0,7.0,16.0,58.333333333333336
20.0,2020-06-09 10:37:00,0.0,4.04,1.0,1.0,Poke,Left,62.0,42.0,62.0,NaN,FED4.CSV,0 days 20:30:22,0 days 00:59:18,0.0,0.0,73822.0,NaN,0.0,1.0,20.0,100.0
24.0,2020-06-09 17:32:16,0.0,4.05,5.0,1.0,Poke,Left,71.0,47.0,71.0,NaN,FED4.CSV,1 days 03:25:38,0 days 04:13:26,1.0,0.0,98738.0,NaN,5.0,9.0,24.0,64.28571428571429
28.0,2020-06-09 21:11:13,0.0,4.03,4.0,1.0,Poke,Left,89.0,53.0,89.0,NaN,FED4.CSV,1 days 07:04:35,0 days 00:56:45,1.0,1.0,111875.0,NaN,6.0,18.0,28.0,75.0
32.0,2020-06-10 01:47:31,0.0,4.03,5.0,1.0,Poke,Left,106.0,58.0,106.0,NaN,FED4.CSV,1 days 11:40:53,0 days 01:41:51,1.0,1.0,128453.0,NaN,5.0,17.0,32.0,77.27272727272727
36.0,2020-06-10 05:25:14,0.0,4.02,3.0,1.0,Poke,Left,120.0,67.0,120.0,NaN,FED4.CSV,1 days 15:18:36,0 days 00:54:50,1.0,1.0,141516.0,NaN,9.0,14.0,36.0,60.86956521739131
40.0,2020-06-10 09:45:39,0.0,4.0,5.0,1.0,Poke,Left,130.0,71.0,130.0,NaN,FED4.CSV,1 days 19:39:01,0 days 02:19:26,1.0,0.0,157141.0,NaN,4.0,10.0,40.0,71.42857142857143
44.0,2020-06-10 12:45:01,0.0,3.99,0.0,1.0,Poke,Left,130.0,73.0,130.0,NaN,FED4.CSV,1 days 22:38:23,0 days 02:02:11,1.0,0.0,167903.0,NaN,2.0,0.0,44.0,0.0
48.0,2020-06-10 17:13:49,0.0,3.98,2.0,1.0,Poke,Left,135.0,75.0,135.0,NaN,FED4.CSV,2 days 03:07:11,0 days 02:14:07,1.0,0.0,184031.0,NaN,2.0,5.0,48.0,71.42857142857143
52.0,2020-06-10 22:05:08,0.0,3.96,7.0,1.0,Poke,Left,151.0,102.0,151.0,NaN,FED4.CSV,2 days 07:58:30,0 days 01:22:56,1.0,1.0,201510.0,NaN,27.0,16.0,52.0,37.2093023255814
56.0,2020-06-11 01:38:42,0.0,3.96,4.0,1.0,Poke,Left,160.0,106.0,160.0,NaN,FED4.CSV,2 days 11:32:04,0 days 01:22:50,1.0,1.0,214324.0,NaN,4.0,9.0,56.0,69.23076923076923
60.0,2020-06-11 06:03:59,0.0,3.93,4.0,1.0,Poke,Left,176.0,119.0,176.0,NaN,FED4.CSV,2 days 15:57:21,0 days 01:09:41,1.0,1.0,230241.0,NaN,13.0,16.0,60.0,55.172413793103445
64.0,2020-06-11 10:06:31,0.0,3.92,3.0,1.0,Poke,Left,183.0,127.0,183.0,NaN,FED4.CSV,2 days 19:59:53,0 days 02:12:43,1.0,0.0,244793.0,NaN,8.0,7.0,64.0,46.666666666666664
68.0,2020-06-11 14:00:10,0.0,3.89,3.0,1.0,Poke,Left,186.0,128.0,186.0,NaN,FED4.CSV,2 days 23:53:32,0 days 01:24:26,1.0,0.0,258812.0,NaN,1.0,3.0,68.0,75.0
72.0,2020-06-11 17:36:03,0.0,3.89,3.0,1.0,Poke,Left,190.0,128.0,190.0,NaN,FED4.CSV,3 days 03:29:25,0 days 01:47:50,0.0,0.0,271765.0,NaN,0.0,4.0,72.0,100.0
76.0,2020-06-11 21:33:44,0.0,3.87,4.0,1.0,Poke,Left,205.0,136.0,205.0,NaN,FED4.CSV,3 days 07:27:06,0 days 00:59:05,1.0,1.0,286026.0,NaN,8.0,15.0,76.0,65.21739130434783
80.0,2020-06-12 01:58:58,0.0,3.86,3.0,1.0,Poke,Left,220.0,145.0,220.0,NaN,FED4.CSV,3 days 11:52:20,0 days 01:00:26,1.0,1.0,301940.0,NaN,9.0,15.0,80.0,62.5
84.0,2020-06-12 06:00:25,0.0,3.85,4.0,1.0,Poke,Left,236.0,150.0,236.0,NaN,FED4.CSV,3 days 15:53:47,0 days 00:47:13,1.0,1.0,316427.0,NaN,5.0,16.0,84.0,76.19047619047619
88.0,2020-06-12 09:24:05,0.0,3.83,2.0,1.0,Poke,Left,242.0,151.0,242.0,NaN,FED4.CSV,3 days 19:17:27,0 days 01:47:59,1.0,0.0,328647.0,NaN,1.0,6.0,88.0,85.71428571428571
92.0,2020-06-12 13:46:45,0.0,3.82,3.0,1.0,Poke,Left,247.0,155.0,247.0,NaN,FED4.CSV,3 days 23:40:07,0 days 02:02:02,1.0,0.0,344407.0,NaN,4.0,5.0,92.0,55.55555555555556
96.0,2020-06-12 17:39:18,0.0,3.8,5.0,1.0,Poke,Left,254.0,155.0,254.0,NaN,FED4.CSV,4 days 03:32:40,0 days 01:22:43,0.0,0.0,358360.0,NaN,0.0,7.0,96.0,100.0
100.0,2020-06-12 22:04:15,0.0,3.8,4.0,1.0,Poke,Left,266.0,161.0,266.0,NaN,FED4.CSV,4 days 07:57:37,0 days 01:08:28,1.0,1.0,374257.0,NaN,6.0,12.0,100.0,66.66666666666666
104.0,2020-06-13 01:44:24,0.0,3.77,4.0,1.0,Poke,Left,275.0,161.0,275.0,NaN,FED4.CSV,4 days 11:37:46,0 days 01:12:25,0.0,1.0,387466.0,NaN,0.0,9.0,104.0,100.0
108.0,2020-06-13 05:43:44,0.0,3.76,4.0,1.0,Poke,Left,288.0,166.0,288.0,NaN,FED4.CSV,4 days 15:37:06,0 days 00:43:09,1.0,1.0,401826.0,NaN,5.0,13.0,108.0,72.22222222222221
112.0,2020-06-13 09:42:42,0.0,3.74,5.0,1.0,Poke,Left,297.0,170.0,297.0,NaN,FED4.CSV,4 days 19:36:04,0 days 02:04:11,1.0,0.0,416164.0,NaN,4.0,9.0,112.0,69.23076923076923
116.0,2020-06-13 14:02:07,0.0,3.71,5.0,1.0,Poke,Left,299.0,170.0,299.0,NaN,FED4.CSV,4 days 23:55:29,0 days 02:30:05,0.0,0.0,431729.0,NaN,0.0,2.0,116.0,100.0
120.0,2020-06-13 17:55:02,0.0,3.68,4.0,1.0,Poke,Left,304.0,170.0,304.0,NaN,FED4.CSV,5 days 03:48:24,0 days 01:53:02,0.0,0.0,445704.0,NaN,0.0,5.0,120.0,100.0
124.0,2020-06-13 22:03:59,0.0,3.67,3.0,1.0,Poke,Left,319.0,181.0,319.0,NaN,FED4.CSV,5 days 07:57:21,0 days 00:41:02,1.0,1.0,460641.0,NaN,11.0,15.0,124.0,57.692307692307686
128.0,2020-06-14 00:57:44,0.0,3.66,4.0,1.0,Poke,Left,329.0,182.0,329.0,NaN,FED4.CSV,5 days 10:51:06,0 days 01:15:32,1.0,1.0,471066.0,NaN,1.0,10.0,128.0,90.9090909090909
132.0,2020-06-14 06:06:26,0.0,3.65,2.0,1.0,Poke,Left,344.0,189.0,344.0,NaN,FED4.CSV,5 days 15:59:48,0 days 01:39:22,1.0,1.0,489588.0,NaN,7.0,15.0,132.0,68.18181818181817
136.0,2020-06-14 08:22:53,0.0,3.62,4.0,1.0,Poke,Left,349.0,191.0,349.0,NaN,FED4.CSV,5 days 18:16:15,0 days 01:41:20,1.0,0.0,497775.0,NaN,2.0,5.0,136.0,71.42857142857143
140.0,2020-06-14 13:00:18,0.0,3.6,4.0,1.0,Poke,Left,350.0,196.0,350.0,NaN,FED4.CSV,5 days 22:53:40,0 days 01:57:51,1.0,0.0,514420.0,NaN,5.0,1.0,140.0,16.666666666666664
144.0,2020-06-14 17:59:00,0.0,3.59,2.0,1.0,Poke,Left,355.0,202.0,355.0,NaN,FED4.CSV,6 days 03:52:22,0 days 02:00:49,1.0,0.0,532342.0,NaN,6.0,5.0,144.0,45.45454545454545
148.0,2020-06-14 21:51:33,0.0,3.58,3.0,1.0,Poke,Left,372.0,210.0,372.0,NaN,FED4.CSV,6 days 07:44:55,0 days 00:39:07,1.0,1.0,546295.0,NaN,8.0,17.0,148.0,68.0
152.0,2020-06-15 01:58:16,0.0,3.56,4.0,1.0,Poke,Left,382.0,219.0,382.0,NaN,FED4.CSV,6 days 11:51:38,0 days 00:46:45,1.0,1.0,561098.0,NaN,9.0,10.0,152.0,52.63157894736842
156.0,2020-06-15 05:55:48,0.0,3.55,4.0,1.0,Poke,Left,391.0,222.0,391.0,NaN,FED4.CSV,6 days 15:49:10,0 days 01:15:17,1.0,1.0,575350.0,NaN,3.0,9.0,156.0,75.0
160.0,2020-06-15 10:01:34,0.0,3.54,4.0,1.0,Poke,Left,399.0,229.0,399.0,NaN,FED4.CSV,6 days 19:54:56,0 days 02:02:36,1.0,0.0,590096.0,NaN,7.0,8.0,160.0,53.333333333333336
164.0,2020-06-15 12:43:56,0.0,3.53,7.0,1.0,Poke,Left,402.0,230.0,402.0,NaN,FED4.CSV,6 days 22:37:18,0 days 02:29:11,1.0,0.0,599838.0,NaN,1.0,3.0,164.0,75.0
168.0,2020-06-15 16:33:50,0.0,3.52,4.0,1.0,Poke,Left,405.0,230.0,405.0,NaN,FED4.CSV,7 days 02:27:12,0 days 01:31:21,0.0,0.0,613632.0,NaN,0.0,3.0,168.0,100.0
0.0,2020-06-08 16:20:16,0.0,3.99,1.0,1.0,Poke,Left,2.0,4.0,2.0,NaN,FED5.CSV,0 days 01:59:56,0 days 01:55:53,1.0,0.0,7196.0,NaN,NaN,NaN,0.0,NaN
4.0,2020-06-08 21:28:56,0.0,3.96,5.0,1.0,Poke,Left,20.0,16.0,20.0,NaN,FED5.CSV,0 days 07:08:36,0 days 02:16:04,1.0,1.0,25716.0,NaN,12.0,18.0,4.0,60.0
8.0,2020-06-09 02:12:08,0.0,3.94,2.0,1.0,Poke,Left,31.0,21.0,31.0,NaN,FED5.CSV,0 days 11:51:48,0 days 02:07:11,1.0,1.0,42708.0,NaN,5.0,11.0,8.0,68.75
12.0,2020-06-09 06:18:18,0.0,3.93,3.0,1.0,Poke,Left,42.0,29.0,42.0,NaN,FED5.CSV,0 days 15:57:58,0 days 00:39:37,1.0,1.0,57478.0,NaN,8.0,11.0,12.0,57.89473684210527
16.0,2020-06-09 06:46:18,0.0,3.91,2.0,1.0,Poke,Left,49.0,30.0,49.0,NaN,FED5.CSV,0 days 16:25:58,0 days 00:07:56,1.0,0.0,59158.0,NaN,1.0,7.0,16.0,87.5
20.0,NaN,NaN,NaN,NaN,NaN,NaN,NaN,NaN,NaN,NaN,NaN,NaN,NaN,NaN,NaN,NaN,NaN,NaN,NaN,NaN,20.0,NaN
24.0,2020-06-09 16:54:32,0.0,3.88,2.0,1.0,Poke,Left,57.0,33.0,57.0,NaN,FED5.CSV,1 days 02:34:12,0 days 07:41:32,1.0,0.0,95652.0,NaN,NaN,NaN,24.0,NaN
28.0,2020-06-09 21:25:16,0.0,3.87,2.0,1.0,Poke,Left,79.0,43.0,79.0,NaN,FED5.CSV,1 days 07:04:56,0 days 01:37:41,1.0,1.0,111896.0,NaN,10.0,22.0,28.0,68.75
32.0,2020-06-10 02:15:50,0.0,3.85,4.0,1.0,Poke,Left,86.0,49.0,86.0,NaN,FED5.CSV,1 days 11:55:30,0 days 01:52:14,1.0,1.0,129330.0,NaN,6.0,7.0,32.0,53.84615384615385
36.0,2020-06-10 05:55:13,0.0,3.84,2.0,1.0,Poke,Left,106.0,58.0,106.0,NaN,FED5.CSV,1 days 15:34:53,0 days 00:44:37,1.0,1.0,142493.0,NaN,9.0,20.0,36.0,68.96551724137932
40.0,2020-06-10 09:54:53,0.0,3.82,3.0,1.0,Poke,Left,108.0,58.0,108.0,NaN,FED5.CSV,1 days 19:34:33,0 days 03:58:40,0.0,0.0,156873.0,NaN,0.0,2.0,40.0,100.0
44.0,NaN,NaN,NaN,NaN,NaN,NaN,NaN,NaN,NaN,NaN,NaN,NaN,NaN,NaN,NaN,NaN,NaN,NaN,NaN,NaN,44.0,NaN
48.0,2020-06-10 18:05:11,0.0,3.79,2.0,1.0,Poke,Left,113.0,61.0,113.0,NaN,FED5.CSV,2 days 03:44:51,0 days 05:36:30,1.0,0.0,186291.0,NaN,NaN,NaN,48.0,NaN
52.0,2020-06-10 22:07:10,0.0,3.77,2.0,1.0,Poke,Left,131.0,69.0,131.0,NaN,FED5.CSV,2 days 07:46:50,0 days 00:55:58,1.0,1.0,200810.0,NaN,8.0,18.0,52.0,69.23076923076923
56.0,2020-06-11 01:57:18,0.0,3.75,2.0,1.0,Poke,Left,148.0,74.0,148.0,NaN,FED5.CSV,2 days 11:36:58,0 days 00:57:21,1.0,1.0,214618.0,NaN,5.0,17.0,56.0,77.27272727272727
60.0,2020-06-11 06:19:00,0.0,3.73,3.0,1.0,Poke,Left,171.0,80.0,171.0,NaN,FED5.CSV,2 days 15:58:40,0 days 00:50:21,1.0,1.0,230320.0,NaN,6.0,23.0,60.0,79.3103448275862
64.0,2020-06-11 07:33:26,0.0,3.71,1.0,1.0,Poke,Left,181.0,83.0,181.0,NaN,FED5.CSV,2 days 17:13:06,0 days 00:20:35,1.0,0.0,234786.0,NaN,3.0,10.0,64.0,76.92307692307693
68.0,2020-06-11 11:12:00,0.0,3.7,1.0,1.0,Poke,Left,182.0,84.0,182.0,NaN,FED5.CSV,2 days 20:51:40,0 days 03:37:48,1.0,0.0,247900.0,NaN,1.0,1.0,68.0,50.0
72.0,2020-06-11 18:10:40,0.0,4.03,2.0,1.0,Poke,Left,191.0,84.0,191.0,NaN,FED5.CSV,3 days 03:50:20,0 days 04:02:31,0.0,0.0,273020.0,NaN,0.0,9.0,72.0,100.0
76.0,2020-06-11 22:17:14,0.0,4.01,3.0,1.0,Poke,Left,206.0,86.0,206.0,NaN,FED5.CSV,3 days 07:56:54,0 days 01:19:25,1.0,1.0,287814.0,NaN,2.0,15.0,76.0,88.23529411764706
80.0,2020-06-12 02:03:06,0.0,3.99,3.0,1.0,Poke,Left,222.0,89.0,222.0,NaN,FED5.CSV,3 days 11:42:46,0 days 01:22:22,1.0,1.0,301366.0,NaN,3.0,16.0,80.0,84.21052631578947
84.0,2020-06-12 06:14:40,0.0,3.96,2.0,1.0,Poke,Left,235.0,93.0,235.0,NaN,FED5.CSV,3 days 15:54:20,0 days 01:02:39,1.0,1.0,316460.0,NaN,4.0,13.0,84.0,76.47058823529412
88.0,2020-06-12 09:09:58,0.0,3.96,2.0,1.0,Poke,Left,243.0,95.0,243.0,NaN,FED5.CSV,3 days 18:49:38,0 days 02:03:39,1.0,0.0,326978.0,NaN,2.0,8.0,88.0,80.0
92.0,2020-06-12 12:59:15,0.0,3.93,2.0,1.0,Poke,Left,245.0,95.0,245.0,NaN,FED5.CSV,3 days 22:38:55,0 days 02:16:03,0.0,0.0,340735.0,NaN,0.0,2.0,92.0,100.0
96.0,2020-06-12 18:18:39,0.0,3.93,2.0,1.0,Poke,Left,255.0,96.0,255.0,NaN,FED5.CSV,4 days 03:58:19,0 days 02:20:29,1.0,0.0,359899.0,NaN,1.0,10.0,96.0,90.9090909090909
100.0,2020-06-12 22:14:47,0.0,3.91,3.0,1.0,Poke,Left,275.0,103.0,275.0,NaN,FED5.CSV,4 days 07:54:27,0 days 00:51:40,1.0,1.0,374067.0,NaN,7.0,20.0,100.0,74.07407407407408
104.0,2020-06-13 01:03:02,0.0,3.89,2.0,1.0,Poke,Left,296.0,107.0,296.0,NaN,FED5.CSV,4 days 10:42:42,0 days 00:37:58,1.0,1.0,384162.0,NaN,4.0,21.0,104.0,84.0
108.0,2020-06-13 06:14:22,0.0,3.89,2.0,1.0,Poke,Left,321.0,112.0,321.0,NaN,FED5.CSV,4 days 15:54:02,0 days 02:24:30,1.0,1.0,402842.0,NaN,5.0,25.0,108.0,83.33333333333334
112.0,2020-06-13 09:58:57,0.0,3.87,1.0,1.0,Poke,Left,331.0,112.0,331.0,NaN,FED5.CSV,4 days 19:38:37,0 days 02:57:02,0.0,0.0,416317.0,NaN,0.0,10.0,112.0,100.0
116.0,2020-06-13 11:42:17,0.0,3.86,1.0,1.0,Poke,Left,332.0,112.0,332.0,NaN,FED5.CSV,4 days 21:21:57,0 days 01:43:16,0.0,0.0,422517.0,NaN,0.0,1.0,116.0,100.0
120.0,2020-06-13 18:19:49,0.0,3.85,1.0,1.0,Poke,Left,338.0,115.0,338.0,NaN,FED5.CSV,5 days 03:59:29,0 days 05:09:34,1.0,0.0,446369.0,NaN,3.0,6.0,120.0,66.66666666666666
124.0,2020-06-13 22:14:09,0.0,3.85,3.0,1.0,Poke,Left,373.0,129.0,373.0,NaN,FED5.CSV,5 days 07:53:49,0 days 00:28:15,1.0,1.0,460429.0,NaN,14.0,35.0,124.0,71.42857142857143
128.0,2020-06-14 02:03:42,0.0,3.84,3.0,1.0,Poke,Left,392.0,134.0,392.0,NaN,FED5.CSV,5 days 11:43:22,0 days 01:01:01,1.0,1.0,474202.0,NaN,5.0,19.0,128.0,79.16666666666666
132.0,2020-06-14 06:18:46,0.0,3.82,2.0,1.0,Poke,Left,427.0,142.0,427.0,NaN,FED5.CSV,5 days 15:58:26,0 days 00:34:31,1.0,1.0,489506.0,NaN,8.0,35.0,132.0,81.3953488372093
136.0,2020-06-14 08:32:39,0.0,3.8,2.0,1.0,Poke,Left,432.0,144.0,432.0,NaN,FED5.CSV,5 days 18:12:19,0 days 01:49:10,1.0,0.0,497539.0,NaN,2.0,5.0,136.0,71.42857142857143
140.0,2020-06-14 14:17:05,0.0,3.78,1.0,1.0,Poke,Left,434.0,144.0,434.0,NaN,FED5.CSV,5 days 23:56:45,0 days 05:42:21,0.0,0.0,518205.0,NaN,0.0,2.0,140.0,100.0
144.0,2020-06-14 18:20:01,0.0,3.78,2.0,1.0,Poke,Left,441.0,145.0,441.0,NaN,FED5.CSV,6 days 03:59:41,0 days 01:42:00,1.0,0.0,532781.0,NaN,1.0,7.0,144.0,87.5
148.0,2020-06-14 22:12:19,0.0,3.76,3.0,1.0,Poke,Left,469.0,150.0,469.0,NaN,FED5.CSV,6 days 07:51:59,0 days 00:39:30,1.0,1.0,546719.0,NaN,5.0,28.0,148.0,84.84848484848484
152.0,2020-06-15 02:19:19,0.0,3.74,2.0,1.0,Poke,Left,486.0,151.0,486.0,NaN,FED5.CSV,6 days 11:58:59,0 days 01:11:03,1.0,1.0,561539.0,NaN,1.0,17.0,152.0,94.44444444444444
156.0,2020-06-15 06:14:15,0.0,3.72,4.0,1.0,Poke,Left,498.0,153.0,498.0,NaN,FED5.CSV,6 days 15:53:55,0 days 01:11:56,1.0,1.0,575635.0,NaN,2.0,12.0,156.0,85.71428571428571
160.0,2020-06-15 09:51:21,0.0,3.69,2.0,1.0,Poke,Left,502.0,154.0,502.0,NaN,FED5.CSV,6 days 19:31:01,0 days 02:11:02,1.0,0.0,588661.0,NaN,1.0,4.0,160.0,80.0
164.0,2020-06-15 12:44:31,0.0,3.67,1.0,1.0,Poke,Left,503.0,154.0,503.0,NaN,FED5.CSV,6 days 22:24:11,0 days 02:53:06,0.0,0.0,599051.0,NaN,0.0,1.0,164.0,100.0
168.0,2020-06-15 16:21:21,0.0,3.67,2.0,1.0,Poke,Left,504.0,155.0,504.0,NaN,FED5.CSV,7 days 02:01:01,0 days 01:50:31,1.0,0.0,612061.0,NaN,1.0,1.0,168.0,50.0
0.0,2020-06-08 17:42:00,0.0,3.96,2.0,1.0,Poke,Left,17.0,14.0,17.0,NaN,FED6.CSV,0 days 03:23:10,0 days 02:01:54,1.0,0.0,12190.0,NaN,NaN,NaN,0.0,NaN
4.0,2020-06-08 21:49:52,0.0,3.93,3.0,1.0,Poke,Left,37.0,27.0,37.0,NaN,FED6.CSV,0 days 07:31:02,0 days 01:04:42,1.0,1.0,27062.0,NaN,13.0,20.0,4.0,60.60606060606061
8.0,2020-06-09 02:16:55,0.0,3.92,2.0,1.0,Poke,Left,54.0,48.0,54.0,NaN,FED6.CSV,0 days 11:58:05,0 days 01:15:25,1.0,1.0,43085.0,NaN,21.0,17.0,8.0,44.73684210526316
12.0,2020-06-09 05:41:08,0.0,3.89,2.0,1.0,Poke,Left,66.0,49.0,66.0,NaN,FED6.CSV,0 days 15:22:18,0 days 00:45:52,1.0,1.0,55338.0,NaN,1.0,12.0,12.0,92.3076923076923
16.0,2020-06-09 08:15:19,0.0,3.87,2.0,1.0,Poke,Left,68.0,52.0,68.0,NaN,FED6.CSV,0 days 17:56:29,0 days 01:02:13,1.0,0.0,64589.0,NaN,3.0,2.0,16.0,40.0
20.0,2020-06-09 11:32:50,0.0,3.84,0.0,1.0,Poke,Left,68.0,53.0,68.0,NaN,FED6.CSV,0 days 21:14:00,0 days 03:17:31,1.0,0.0,76440.0,NaN,1.0,0.0,20.0,0.0
24.0,2020-06-09 18:14:33,0.0,3.82,3.0,1.0,Poke,Left,81.0,63.0,81.0,NaN,FED6.CSV,1 days 03:55:43,0 days 04:25:58,1.0,0.0,100543.0,NaN,10.0,13.0,24.0,56.52173913043478
28.0,2020-06-09 22:12:22,0.0,3.8,3.0,1.0,Poke,Left,98.0,80.0,98.0,NaN,FED6.CSV,1 days 07:53:32,0 days 00:39:43,1.0,1.0,114812.0,NaN,17.0,17.0,28.0,50.0
32.0,2020-06-10 02:16:28,0.0,3.78,3.0,1.0,Poke,Left,111.0,87.0,111.0,NaN,FED6.CSV,1 days 11:57:38,0 days 00:53:38,1.0,1.0,129458.0,NaN,7.0,13.0,32.0,65.0
36.0,2020-06-10 05:53:42,0.0,3.74,3.0,1.0,Poke,Left,126.0,93.0,126.0,NaN,FED6.CSV,1 days 15:34:52,0 days 01:09:29,1.0,1.0,142492.0,NaN,6.0,15.0,36.0,71.42857142857143
40.0,2020-06-10 08:24:58,0.0,3.72,2.0,1.0,Poke,Left,130.0,95.0,130.0,NaN,FED6.CSV,1 days 18:06:08,0 days 01:34:53,1.0,0.0,151568.0,NaN,2.0,4.0,40.0,66.66666666666666
44.0,2020-06-10 12:07:50,0.0,3.71,2.0,1.0,Poke,Left,133.0,97.0,133.0,NaN,FED6.CSV,1 days 21:49:00,0 days 02:34:31,1.0,0.0,164940.0,NaN,2.0,3.0,44.0,60.0
48.0,2020-06-10 18:05:32,0.0,3.8,2.0,1.0,Poke,Left,144.0,104.0,144.0,NaN,FED6.CSV,2 days 03:46:42,0 days 02:55:05,1.0,0.0,186402.0,NaN,7.0,11.0,48.0,61.111111111111114
52.0,2020-06-10 21:32:15,0.0,3.76,4.0,1.0,Poke,Left,164.0,110.0,164.0,NaN,FED6.CSV,2 days 07:13:25,0 days 00:35:55,1.0,1.0,198805.0,NaN,6.0,20.0,52.0,76.92307692307693
56.0,2020-06-11 01:41:05,0.0,3.74,3.0,1.0,Poke,Left,178.0,116.0,178.0,NaN,FED6.CSV,2 days 11:22:15,0 days 00:51:41,1.0,1.0,213735.0,NaN,6.0,14.0,56.0,70.0
60.0,2020-06-11 06:18:02,0.0,3.72,2.0,1.0,Poke,Left,194.0,120.0,194.0,NaN,FED6.CSV,2 days 15:59:12,0 days 00:54:42,1.0,1.0,230352.0,NaN,4.0,16.0,60.0,80.0
64.0,2020-06-11 09:17:44,0.0,3.71,3.0,1.0,Poke,Left,200.0,120.0,200.0,NaN,FED6.CSV,2 days 18:58:54,0 days 02:03:36,0.0,0.0,241134.0,NaN,0.0,6.0,64.0,100.0
68.0,2020-06-11 12:48:51,0.0,3.69,2.0,1.0,Poke,Left,205.0,121.0,205.0,NaN,FED6.CSV,2 days 22:30:01,0 days 02:18:36,1.0,0.0,253801.0,NaN,1.0,5.0,68.0,83.33333333333334
72.0,2020-06-11 18:16:30,0.0,3.71,2.0,1.0,Poke,Left,215.0,125.0,215.0,NaN,FED6.CSV,3 days 03:57:40,0 days 01:40:38,1.0,0.0,273460.0,NaN,4.0,10.0,72.0,71.42857142857143
76.0,2020-06-11 22:09:44,0.0,3.7,2.0,1.0,Poke,Left,238.0,131.0,238.0,NaN,FED6.CSV,3 days 07:50:54,0 days 00:46:51,1.0,1.0,287454.0,NaN,6.0,23.0,76.0,79.3103448275862
80.0,2020-06-12 02:06:17,0.0,3.69,2.0,1.0,Poke,Left,251.0,139.0,251.0,NaN,FED6.CSV,3 days 11:47:27,0 days 00:56:51,1.0,1.0,301647.0,NaN,8.0,13.0,80.0,61.904761904761905
84.0,2020-06-12 06:08:41,0.0,3.67,3.0,1.0,Poke,Left,266.0,143.0,266.0,NaN,FED6.CSV,3 days 15:49:51,0 days 00:36:44,1.0,1.0,316191.0,NaN,4.0,15.0,84.0,78.94736842105263
88.0,2020-06-12 09:24:58,0.0,3.67,4.0,1.0,Poke,Left,274.0,144.0,274.0,NaN,FED6.CSV,3 days 19:06:08,0 days 00:48:30,1.0,0.0,327968.0,NaN,1.0,8.0,88.0,88.88888888888889
92.0,2020-06-12 14:16:26,0.0,3.66,2.0,1.0,Poke,Left,278.0,145.0,278.0,NaN,FED6.CSV,3 days 23:57:36,0 days 03:05:03,1.0,0.0,345456.0,NaN,1.0,4.0,92.0,80.0
96.0,2020-06-12 18:06:12,0.0,3.65,2.0,1.0,Poke,Left,286.0,147.0,286.0,NaN,FED6.CSV,4 days 03:47:22,0 days 01:05:31,1.0,0.0,359242.0,NaN,2.0,8.0,96.0,80.0
100.0,2020-06-12 22:12:26,0.0,3.65,2.0,1.0,Poke,Left,304.0,153.0,304.0,NaN,FED6.CSV,4 days 07:53:36,0 days 00:33:31,1.0,1.0,374016.0,NaN,6.0,18.0,100.0,75.0
104.0,2020-06-13 02:17:01,0.0,3.64,2.0,1.0,Poke,Left,316.0,157.0,316.0,NaN,FED6.CSV,4 days 11:58:11,0 days 00:55:21,1.0,1.0,388691.0,NaN,4.0,12.0,104.0,75.0
108.0,2020-06-13 06:02:06,0.0,3.64,3.0,1.0,Poke,Left,331.0,170.0,331.0,NaN,FED6.CSV,4 days 15:43:16,0 days 00:27:45,1.0,1.0,402196.0,NaN,13.0,15.0,108.0,53.57142857142857
112.0,2020-06-13 08:49:59,0.0,3.62,3.0,1.0,Poke,Left,339.0,170.0,339.0,NaN,FED6.CSV,4 days 18:31:09,0 days 00:53:27,0.0,0.0,412269.0,NaN,0.0,8.0,112.0,100.0
116.0,2020-06-13 14:13:03,0.0,3.61,3.0,1.0,Poke,Left,344.0,171.0,344.0,NaN,FED6.CSV,4 days 23:54:13,0 days 01:49:41,1.0,0.0,431653.0,NaN,1.0,5.0,116.0,83.33333333333334
120.0,2020-06-13 18:12:23,0.0,3.6,3.0,1.0,Poke,Left,353.0,173.0,353.0,NaN,FED6.CSV,5 days 03:53:33,0 days 01:03:04,1.0,0.0,446013.0,NaN,2.0,9.0,120.0,81.81818181818183
124.0,2020-06-13 22:08:29,0.0,3.59,2.0,1.0,Poke,Left,369.0,182.0,368.0,NaN,FED6.CSV,5 days 07:49:39,0 days 00:26:09,1.0,1.0,460179.0,NaN,9.0,16.0,124.0,64.0
128.0,2020-06-14 01:36:26,0.0,3.57,2.0,1.0,Poke,Left,381.0,188.0,381.0,NaN,FED6.CSV,5 days 11:17:36,0 days 00:43:11,1.0,1.0,472656.0,NaN,6.0,12.0,128.0,66.66666666666666
132.0,2020-06-14 06:17:20,0.0,3.56,3.0,1.0,Poke,Left,397.0,201.0,397.0,NaN,FED6.CSV,5 days 15:58:30,0 days 01:01:49,1.0,1.0,489510.0,NaN,13.0,16.0,132.0,55.172413793103445
136.0,2020-06-14 08:35:19,0.0,3.56,2.0,1.0,Poke,Left,401.0,202.0,401.0,NaN,FED6.CSV,5 days 18:16:29,0 days 00:48:49,1.0,0.0,497789.0,NaN,1.0,4.0,136.0,80.0
140.0,2020-06-14 14:04:09,0.0,3.56,2.0,1.0,Poke,Left,405.0,203.0,405.0,NaN,FED6.CSV,5 days 23:45:19,0 days 02:13:19,1.0,0.0,517519.0,NaN,1.0,4.0,140.0,80.0
144.0,2020-06-14 17:57:29,0.0,3.57,2.0,1.0,Poke,Left,411.0,203.0,411.0,NaN,FED6.CSV,6 days 03:38:39,0 days 01:21:43,0.0,0.0,531519.0,NaN,0.0,6.0,144.0,100.0
148.0,2020-06-14 22:13:21,0.0,3.57,2.0,1.0,Poke,Left,428.0,216.0,428.0,NaN,FED6.CSV,6 days 07:54:31,0 days 00:37:25,1.0,1.0,546871.0,NaN,13.0,17.0,148.0,56.666666666666664
152.0,2020-06-15 02:11:28,0.0,3.58,3.0,1.0,Poke,Left,442.0,220.0,442.0,NaN,FED6.CSV,6 days 11:52:38,0 days 00:33:53,1.0,1.0,561158.0,NaN,4.0,14.0,152.0,77.77777777777779
156.0,2020-06-15 06:17:47,0.0,3.57,3.0,1.0,Poke,Left,456.0,223.0,456.0,NaN,FED6.CSV,6 days 15:58:57,0 days 00:39:58,1.0,1.0,575937.0,NaN,3.0,14.0,156.0,82.35294117647058
160.0,2020-06-15 10:07:12,0.0,3.58,2.0,1.0,Poke,Left,463.0,229.0,463.0,NaN,FED6.CSV,6 days 19:48:22,0 days 01:00:01,1.0,0.0,589702.0,NaN,6.0,7.0,160.0,53.84615384615385
164.0,2020-06-15 13:26:03,0.0,3.59,2.0,1.0,Poke,Left,468.0,230.0,468.0,NaN,FED6.CSV,6 days 23:07:13,0 days 01:05:13,1.0,0.0,601633.0,NaN,1.0,5.0,164.0,83.33333333333334
168.0,2020-06-15 16:16:34,0.0,3.61,2.0,1.0,Poke,Left,472.0,230.0,472.0,NaN,FED6.CSV,7 days 01:57:44,0 days 01:09:07,0.0,0.0,611864.0,NaN,0.0,4.0,168.0,100.0
0.0,2020-06-08 17:45:43,18.0,4.21,3.0,1.0,Poke,Left,24.0,17.0,24.0,NaN,FED7.CSV,0 days 03:23:31,0 days 01:34:35,1.0,0.0,12211.0,NaN,NaN,NaN,0.0,NaN
4.0,2020-06-08 21:54:42,18.0,4.17,2.0,1.0,Poke,Left,54.0,26.0,54.0,NaN,FED7.CSV,0 days 07:32:30,0 days 00:51:08,1.0,1.0,27150.0,NaN,9.0,30.0,4.0,76.92307692307693
8.0,2020-06-09 02:13:12,18.0,4.14,3.0,1.0,Poke,Left,69.0,30.0,69.0,NaN,FED7.CSV,0 days 11:51:00,0 days 01:06:40,1.0,1.0,42660.0,NaN,4.0,15.0,8.0,78.94736842105263
12.0,2020-06-09 06:05:37,18.0,4.12,4.0,1.0,Poke,Left,81.0,44.0,81.0,NaN,FED7.CSV,0 days 15:43:25,0 days 01:11:35,1.0,1.0,56605.0,NaN,14.0,12.0,12.0,46.15384615384615
16.0,2020-06-09 10:01:27,18.0,4.1,3.0,1.0,Poke,Left,86.0,44.0,86.0,NaN,FED7.CSV,0 days 19:39:15,0 days 01:26:09,0.0,0.0,70755.0,NaN,0.0,5.0,16.0,100.0
20.0,2020-06-09 11:55:55,18.0,4.09,2.0,1.0,Poke,Left,90.0,44.0,90.0,NaN,FED7.CSV,0 days 21:33:43,0 days 01:00:14,0.0,0.0,77623.0,NaN,0.0,4.0,20.0,100.0
24.0,2020-06-09 18:16:19,18.0,4.08,3.0,1.0,Poke,Left,107.0,49.0,107.0,NaN,FED7.CSV,1 days 03:54:07,0 days 02:28:23,1.0,0.0,100447.0,NaN,5.0,17.0,24.0,77.27272727272727
28.0,2020-06-09 22:11:59,18.0,4.07,4.0,1.0,Poke,Left,135.0,54.0,135.0,NaN,FED7.CSV,1 days 07:49:47,0 days 00:33:05,1.0,1.0,114587.0,NaN,5.0,28.0,28.0,84.84848484848484
32.0,2020-06-10 02:03:51,18.0,4.07,3.0,1.0,Poke,Left,149.0,59.0,149.0,NaN,FED7.CSV,1 days 11:41:39,0 days 00:50:04,1.0,1.0,128499.0,NaN,5.0,14.0,32.0,73.68421052631578
36.0,2020-06-10 05:32:53,18.0,4.07,2.0,1.0,Poke,Left,160.0,62.0,160.0,NaN,FED7.CSV,1 days 15:10:41,0 days 00:49:24,1.0,1.0,141041.0,NaN,3.0,11.0,36.0,78.57142857142857
40.0,2020-06-10 08:12:00,18.0,4.06,3.0,1.0,Poke,Left,167.0,62.0,167.0,NaN,FED7.CSV,1 days 17:49:48,0 days 01:17:02,0.0,0.0,150588.0,NaN,0.0,7.0,40.0,100.0
44.0,2020-06-10 13:40:16,18.0,4.06,2.0,1.0,Poke,Left,172.0,62.0,172.0,NaN,FED7.CSV,1 days 23:18:04,0 days 02:26:53,0.0,0.0,170284.0,NaN,0.0,5.0,44.0,100.0
48.0,2020-06-10 17:59:22,18.0,4.05,3.0,1.0,Poke,Left,184.0,62.0,184.0,NaN,FED7.CSV,2 days 03:37:10,0 days 01:05:29,0.0,0.0,185830.0,NaN,0.0,12.0,48.0,100.0
52.0,2020-06-10 22:14:20,18.0,4.05,2.0,1.0,Poke,Left,204.0,71.0,204.0,NaN,FED7.CSV,2 days 07:52:08,0 days 00:29:30,1.0,1.0,201128.0,NaN,9.0,20.0,52.0,68.96551724137932
56.0,2020-06-11 01:24:30,18.0,4.02,3.0,1.0,Poke,Left,216.0,73.0,216.0,NaN,FED7.CSV,2 days 11:02:18,0 days 00:37:39,1.0,1.0,212538.0,NaN,2.0,12.0,56.0,85.71428571428571
60.0,2020-06-11 05:57:22,18.0,4.01,4.0,1.0,Poke,Left,228.0,73.0,228.0,NaN,FED7.CSV,2 days 15:35:10,0 days 01:20:59,0.0,1.0,228910.0,NaN,0.0,12.0,60.0,100.0
64.0,2020-06-11 10:16:22,18.0,3.99,3.0,1.0,Poke,Left,241.0,73.0,241.0,NaN,FED7.CSV,2 days 19:54:10,0 days 00:56:34,0.0,0.0,244450.0,NaN,0.0,13.0,64.0,100.0
68.0,2020-06-11 13:33:12,18.0,3.97,1.0,1.0,Poke,Left,243.0,73.0,243.0,NaN,FED7.CSV,2 days 23:11:00,0 days 01:54:16,0.0,0.0,256260.0,NaN,0.0,2.0,68.0,100.0
72.0,2020-06-11 18:05:50,18.0,3.96,2.0,1.0,Poke,Left,253.0,74.0,253.0,NaN,FED7.CSV,3 days 03:43:38,0 days 01:15:56,1.0,0.0,272618.0,NaN,1.0,10.0,72.0,90.9090909090909
76.0,2020-06-11 22:13:11,18.0,3.94,4.0,1.0,Poke,Left,268.0,81.0,268.0,NaN,FED7.CSV,3 days 07:50:59,0 days 00:42:39,1.0,1.0,287459.0,NaN,7.0,15.0,76.0,68.18181818181817
80.0,2020-06-12 02:13:41,18.0,3.93,2.0,1.0,Poke,Left,280.0,84.0,280.0,NaN,FED7.CSV,3 days 11:51:29,0 days 00:58:55,1.0,1.0,301889.0,NaN,3.0,12.0,80.0,80.0
84.0,2020-06-12 05:55:38,18.0,3.91,2.0,1.0,Poke,Left,292.0,87.0,292.0,NaN,FED7.CSV,3 days 15:33:26,0 days 00:43:27,1.0,1.0,315206.0,NaN,3.0,12.0,84.0,80.0
88.0,2020-06-12 10:15:17,18.0,3.91,2.0,1.0,Poke,Left,300.0,87.0,300.0,NaN,FED7.CSV,3 days 19:53:05,0 days 01:00:29,0.0,0.0,330785.0,NaN,0.0,8.0,88.0,100.0
92.0,2020-06-12 14:19:31,18.0,3.9,2.0,1.0,Poke,Left,306.0,89.0,306.0,NaN,FED7.CSV,3 days 23:57:19,0 days 01:25:25,1.0,0.0,345439.0,NaN,2.0,6.0,92.0,75.0
96.0,2020-06-12 18:08:00,18.0,3.89,2.0,1.0,Poke,Left,315.0,89.0,315.0,NaN,FED7.CSV,4 days 03:45:48,0 days 01:16:41,0.0,0.0,359148.0,NaN,0.0,9.0,96.0,100.0
100.0,2020-06-12 22:14:49,18.0,3.88,3.0,1.0,Poke,Left,329.0,101.0,329.0,NaN,FED7.CSV,4 days 07:52:37,0 days 00:50:37,1.0,1.0,373957.0,NaN,12.0,14.0,100.0,53.84615384615385
104.0,2020-06-13 02:12:54,18.0,3.87,3.0,1.0,Poke,Left,343.0,102.0,343.0,NaN,FED7.CSV,4 days 11:50:42,0 days 00:51:58,1.0,1.0,388242.0,NaN,1.0,14.0,104.0,93.33333333333333
108.0,2020-06-13 05:26:04,18.0,3.87,3.0,1.0,Poke,Left,355.0,104.0,355.0,NaN,FED7.CSV,4 days 15:03:52,0 days 00:33:51,1.0,1.0,399832.0,NaN,2.0,12.0,108.0,85.71428571428571
112.0,2020-06-13 09:37:09,18.0,3.85,3.0,1.0,Poke,Left,360.0,104.0,360.0,NaN,FED7.CSV,4 days 19:14:57,0 days 02:14:28,0.0,0.0,414897.0,NaN,0.0,5.0,112.0,100.0
116.0,2020-06-13 13:43:16,18.0,3.84,3.0,1.0,Poke,Left,366.0,105.0,366.0,NaN,FED7.CSV,4 days 23:21:04,0 days 01:40:38,1.0,0.0,429664.0,NaN,1.0,6.0,116.0,85.71428571428571
120.0,2020-06-13 18:06:58,18.0,3.83,3.0,1.0,Poke,Left,375.0,105.0,375.0,NaN,FED7.CSV,5 days 03:44:46,0 days 02:22:03,0.0,0.0,445486.0,NaN,0.0,9.0,120.0,100.0
124.0,2020-06-13 22:06:21,18.0,3.82,2.0,1.0,Poke,Left,393.0,112.0,393.0,NaN,FED7.CSV,5 days 07:44:09,0 days 00:28:43,1.0,1.0,459849.0,NaN,7.0,18.0,124.0,72.0
128.0,2020-06-14 02:14:38,18.0,3.8,3.0,1.0,Poke,Left,404.0,113.0,404.0,NaN,FED7.CSV,5 days 11:52:26,0 days 00:46:10,1.0,1.0,474746.0,NaN,1.0,11.0,128.0,91.66666666666666
132.0,2020-06-14 05:54:06,18.0,3.78,3.0,1.0,Poke,Left,417.0,118.0,417.0,NaN,FED7.CSV,5 days 15:31:54,0 days 00:36:37,1.0,1.0,487914.0,NaN,5.0,13.0,132.0,72.22222222222221
136.0,2020-06-14 10:00:23,18.0,3.75,3.0,1.0,Poke,Left,425.0,118.0,425.0,NaN,FED7.CSV,5 days 19:38:11,0 days 00:54:41,0.0,0.0,502691.0,NaN,0.0,8.0,136.0,100.0
140.0,2020-06-14 14:00:46,18.0,3.74,3.0,1.0,Poke,Left,434.0,118.0,433.0,NaN,FED7.CSV,5 days 23:38:34,0 days 01:15:11,0.0,0.0,517114.0,NaN,0.0,9.0,140.0,100.0
144.0,2020-06-14 17:56:53,18.0,3.71,2.0,1.0,Poke,Left,442.0,118.0,442.0,NaN,FED7.CSV,6 days 03:34:41,0 days 01:34:05,0.0,0.0,531281.0,NaN,0.0,8.0,144.0,100.0
148.0,2020-06-14 22:01:52,18.0,3.69,3.0,1.0,Poke,Left,459.0,120.0,459.0,NaN,FED7.CSV,6 days 07:39:40,0 days 00:32:40,1.0,1.0,545980.0,NaN,2.0,17.0,148.0,89.47368421052632
152.0,2020-06-15 01:56:17,18.0,3.67,3.0,1.0,Poke,Left,475.0,134.0,475.0,NaN,FED7.CSV,6 days 11:34:05,0 days 00:35:35,1.0,1.0,560045.0,NaN,14.0,16.0,152.0,53.333333333333336
156.0,2020-06-15 05:45:41,18.0,3.65,3.0,1.0,Poke,Left,486.0,140.0,486.0,NaN,FED7.CSV,6 days 15:23:29,0 days 00:54:53,1.0,1.0,573809.0,NaN,6.0,11.0,156.0,64.70588235294117
160.0,2020-06-15 09:31:15,18.0,3.64,3.0,1.0,Poke,Left,491.0,141.0,491.0,NaN,FED7.CSV,6 days 19:09:03,0 days 01:37:02,1.0,0.0,587343.0,NaN,1.0,5.0,160.0,83.33333333333334
164.0,2020-06-15 13:57:21,18.0,3.62,2.0,1.0,Poke,Left,498.0,141.0,498.0,NaN,FED7.CSV,6 days 23:35:09,0 days 01:36:45,0.0,0.0,603309.0,NaN,0.0,7.0,164.0,100.0
168.0,2020-06-15 16:34:10,18.0,3.6,2.0,1.0,Poke,Left,503.0,142.0,503.0,NaN,FED7.CSV,7 days 02:11:58,0 days 01:02:06,1.0,0.0,612718.0,NaN,1.0,5.0,168.0,83.33333333333334
0.0,2020-06-08 18:03:54,0.0,4.14,3.0,1.0,Poke,Left,27.0,15.0,27.0,NaN,FED8.CSV,0 days 03:54:06,0 days 01:44:39,1.0,0.0,14046.0,NaN,NaN,NaN,0.0,NaN
4.0,2020-06-08 20:20:42,0.0,4.11,4.0,1.0,Poke,Left,36.0,22.0,36.0,NaN,FED8.CSV,0 days 06:10:54,0 days 01:33:43,1.0,1.0,22254.0,NaN,7.0,9.0,4.0,56.25
8.0,2020-06-09 01:00:14,0.0,4.09,6.0,1.0,Poke,Left,57.0,27.0,57.0,NaN,FED8.CSV,0 days 10:50:26,0 days 01:53:43,1.0,1.0,39026.0,NaN,5.0,21.0,8.0,80.76923076923077
12.0,2020-06-09 06:06:58,0.0,4.07,3.0,1.0,Poke,Left,73.0,31.0,72.0,NaN,FED8.CSV,0 days 15:57:10,0 days 01:53:31,1.0,1.0,57430.0,NaN,4.0,16.0,12.0,80.0
16.0,2020-06-09 07:40:23,0.0,4.06,2.0,1.0,Poke,Left,74.0,31.0,74.0,NaN,FED8.CSV,0 days 17:30:35,0 days 01:22:38,0.0,0.0,63035.0,NaN,0.0,1.0,16.0,100.0
20.0,2020-06-09 12:27:50,0.0,4.05,2.0,1.0,Poke,Left,76.0,32.0,76.0,NaN,FED8.CSV,0 days 22:18:02,0 days 03:22:35,1.0,0.0,80282.0,NaN,1.0,2.0,20.0,66.66666666666666
24.0,2020-06-09 17:50:13,0.0,4.02,4.0,1.0,Poke,Left,84.0,33.0,83.0,NaN,FED8.CSV,1 days 03:40:25,0 days 03:01:11,1.0,0.0,99625.0,NaN,1.0,8.0,24.0,88.88888888888889
28.0,2020-06-09 21:11:27,0.0,4.02,3.0,1.0,Poke,Left,99.0,42.0,99.0,NaN,FED8.CSV,1 days 07:01:39,0 days 00:32:22,1.0,1.0,111699.0,NaN,9.0,15.0,28.0,62.5
32.0,2020-06-10 02:07:56,0.0,4.0,4.0,1.0,Poke,Left,120.0,44.0,120.0,NaN,FED8.CSV,1 days 11:58:08,0 days 01:21:10,1.0,1.0,129488.0,NaN,2.0,21.0,32.0,91.30434782608695
36.0,2020-06-10 06:02:22,0.0,3.98,4.0,1.0,Poke,Left,135.0,47.0,135.0,NaN,FED8.CSV,1 days 15:52:34,0 days 00:29:20,1.0,1.0,143554.0,NaN,3.0,15.0,36.0,83.33333333333334
40.0,2020-06-10 07:58:49,0.0,3.95,2.0,1.0,Poke,Left,137.0,47.0,137.0,NaN,FED8.CSV,1 days 17:49:01,0 days 01:49:00,0.0,0.0,150541.0,NaN,0.0,2.0,40.0,100.0
44.0,2020-06-10 13:22:19,0.0,3.94,3.0,1.0,Poke,Left,143.0,48.0,143.0,NaN,FED8.CSV,1 days 23:12:31,0 days 02:26:05,1.0,0.0,169951.0,NaN,1.0,6.0,44.0,85.71428571428571
48.0,2020-06-10 18:08:07,0.0,3.93,3.0,1.0,Poke,Left,156.0,50.0,156.0,NaN,FED8.CSV,2 days 03:58:19,0 days 01:13:27,1.0,0.0,187099.0,NaN,2.0,13.0,48.0,86.66666666666667
52.0,2020-06-10 21:37:33,0.0,3.92,4.0,1.0,Poke,Left,179.0,52.0,179.0,NaN,FED8.CSV,2 days 07:27:45,0 days 00:24:15,1.0,1.0,199665.0,NaN,2.0,23.0,52.0,92.0
56.0,2020-06-11 01:57:54,0.0,3.91,3.0,1.0,Poke,Left,195.0,58.0,195.0,NaN,FED8.CSV,2 days 11:48:06,0 days 00:35:40,1.0,1.0,215286.0,NaN,6.0,16.0,56.0,72.72727272727273
60.0,2020-06-11 05:32:21,0.0,3.89,3.0,1.0,Poke,Left,209.0,63.0,209.0,NaN,FED8.CSV,2 days 15:22:33,0 days 00:29:28,1.0,1.0,228153.0,NaN,5.0,14.0,60.0,73.68421052631578
64.0,2020-06-11 10:08:19,0.0,3.87,3.0,1.0,Poke,Left,216.0,63.0,216.0,NaN,FED8.CSV,2 days 19:58:31,0 days 01:09:31,0.0,0.0,244711.0,NaN,0.0,7.0,64.0,100.0
68.0,2020-06-11 13:56:31,0.0,3.86,3.0,1.0,Poke,Left,223.0,63.0,223.0,NaN,FED8.CSV,2 days 23:46:43,0 days 01:08:52,0.0,0.0,258403.0,NaN,0.0,7.0,68.0,100.0
72.0,2020-06-11 17:42:51,0.0,3.84,3.0,1.0,Poke,Left,238.0,64.0,237.0,NaN,FED8.CSV,3 days 03:33:03,0 days 00:41:16,1.0,0.0,271983.0,NaN,1.0,15.0,72.0,93.75
76.0,2020-06-11 22:01:28,0.0,3.83,4.0,1.0,Poke,Left,259.0,72.0,259.0,NaN,FED8.CSV,3 days 07:51:40,0 days 00:32:50,1.0,1.0,287500.0,NaN,8.0,21.0,76.0,72.41379310344827
80.0,2020-06-12 02:04:41,0.0,3.8,4.0,1.0,Poke,Left,278.0,77.0,278.0,NaN,FED8.CSV,3 days 11:54:53,0 days 00:46:11,1.0,1.0,302093.0,NaN,5.0,19.0,80.0,79.16666666666666
84.0,2020-06-12 05:52:18,0.0,3.79,3.0,1.0,Poke,Left,296.0,78.0,296.0,NaN,FED8.CSV,3 days 15:42:30,0 days 00:28:21,1.0,1.0,315750.0,NaN,1.0,18.0,84.0,94.73684210526315
88.0,2020-06-12 10:06:58,0.0,3.76,3.0,1.0,Poke,Left,299.0,78.0,299.0,NaN,FED8.CSV,3 days 19:57:10,0 days 01:55:46,0.0,0.0,331030.0,NaN,0.0,3.0,88.0,100.0
92.0,2020-06-12 14:08:07,0.0,3.74,3.0,1.0,Poke,Left,305.0,79.0,305.0,NaN,FED8.CSV,3 days 23:58:19,0 days 01:46:20,1.0,0.0,345499.0,NaN,1.0,6.0,92.0,85.71428571428571
96.0,2020-06-12 17:55:40,0.0,3.72,2.0,1.0,Poke,Left,315.0,81.0,315.0,NaN,FED8.CSV,4 days 03:45:52,0 days 00:39:10,1.0,0.0,359152.0,NaN,2.0,10.0,96.0,83.33333333333334
100.0,2020-06-12 22:08:15,0.0,3.71,3.0,1.0,Poke,Left,335.0,84.0,335.0,NaN,FED8.CSV,4 days 07:58:27,0 days 00:41:34,1.0,1.0,374307.0,NaN,3.0,20.0,100.0,86.95652173913044
104.0,2020-06-13 01:56:15,0.0,3.69,4.0,1.0,Poke,Left,353.0,86.0,352.0,NaN,FED8.CSV,4 days 11:46:27,0 days 00:34:49,1.0,1.0,387987.0,NaN,2.0,18.0,104.0,90.0
108.0,2020-06-13 06:03:08,0.0,3.68,3.0,1.0,Poke,Left,367.0,91.0,367.0,NaN,FED8.CSV,4 days 15:53:20,0 days 00:31:48,1.0,1.0,402800.0,NaN,5.0,14.0,108.0,73.68421052631578
112.0,2020-06-13 08:42:59,0.0,3.67,3.0,1.0,Poke,Left,372.0,93.0,372.0,NaN,FED8.CSV,4 days 18:33:11,0 days 01:25:29,1.0,0.0,412391.0,NaN,2.0,5.0,112.0,71.42857142857143
116.0,2020-06-13 14:07:25,0.0,3.66,3.0,1.0,Poke,Left,385.0,93.0,385.0,NaN,FED8.CSV,4 days 23:57:37,0 days 01:52:18,0.0,0.0,431857.0,NaN,0.0,13.0,116.0,100.0
120.0,2020-06-13 18:09:05,0.0,3.65,3.0,1.0,Poke,Left,400.0,94.0,400.0,NaN,FED8.CSV,5 days 03:59:17,0 days 00:50:07,1.0,0.0,446357.0,NaN,1.0,15.0,120.0,93.75
124.0,2020-06-13 22:04:01,0.0,3.65,4.0,1.0,Poke,Left,419.0,101.0,419.0,NaN,FED8.CSV,5 days 07:54:13,0 days 00:18:06,1.0,1.0,460453.0,NaN,7.0,19.0,124.0,73.07692307692307
128.0,2020-06-14 02:09:47,0.0,3.64,4.0,1.0,Poke,Left,436.0,106.0,436.0,NaN,FED8.CSV,5 days 11:59:59,0 days 00:41:37,1.0,1.0,475199.0,NaN,5.0,17.0,128.0,77.27272727272727
132.0,2020-06-14 05:59:21,0.0,3.64,3.0,1.0,Poke,Left,451.0,117.0,451.0,NaN,FED8.CSV,5 days 15:49:33,0 days 00:31:55,1.0,1.0,488973.0,NaN,11.0,15.0,132.0,57.692307692307686
136.0,2020-06-14 09:35:34,0.0,3.63,2.0,1.0,Poke,Left,463.0,119.0,463.0,NaN,FED8.CSV,5 days 19:25:46,0 days 00:38:30,1.0,0.0,501946.0,NaN,2.0,12.0,136.0,85.71428571428571
140.0,2020-06-14 13:00:12,0.0,3.62,3.0,1.0,Poke,Left,471.0,119.0,471.0,NaN,FED8.CSV,5 days 22:50:24,0 days 00:43:42,0.0,0.0,514224.0,NaN,0.0,8.0,140.0,100.0
144.0,2020-06-14 17:35:41,0.0,3.62,5.0,1.0,Poke,Left,483.0,121.0,483.0,NaN,FED8.CSV,6 days 03:25:53,0 days 01:34:12,1.0,0.0,530753.0,NaN,2.0,12.0,144.0,85.71428571428571
148.0,2020-06-14 22:00:18,0.0,3.62,3.0,1.0,Poke,Left,508.0,125.0,508.0,NaN,FED8.CSV,6 days 07:50:30,0 days 00:34:36,1.0,1.0,546630.0,NaN,4.0,25.0,148.0,86.20689655172413
152.0,2020-06-15 01:37:10,0.0,3.61,3.0,1.0,Poke,Left,527.0,129.0,527.0,NaN,FED8.CSV,6 days 11:27:22,0 days 00:28:13,1.0,1.0,559642.0,NaN,4.0,19.0,152.0,82.6086956521739
156.0,2020-06-15 06:05:02,0.0,3.6,4.0,1.0,Poke,Left,544.0,130.0,544.0,NaN,FED8.CSV,6 days 15:55:14,0 days 00:42:20,1.0,1.0,575714.0,NaN,1.0,17.0,156.0,94.44444444444444
160.0,2020-06-15 09:48:39,0.0,3.59,4.0,1.0,Poke,Left,553.0,132.0,553.0,NaN,FED8.CSV,6 days 19:38:51,0 days 00:42:20,1.0,0.0,589131.0,NaN,2.0,9.0,160.0,81.81818181818183
164.0,2020-06-15 14:07:33,0.0,3.57,2.0,1.0,Poke,Left,563.0,133.0,563.0,NaN,FED8.CSV,6 days 23:57:45,0 days 01:25:38,1.0,0.0,604665.0,NaN,1.0,10.0,164.0,90.9090909090909
168.0,2020-06-15 16:04:32,0.0,3.57,4.0,1.0,Poke,Left,568.0,133.0,568.0,NaN,FED8.CSV,7 days 01:54:44,0 days 00:44:20,0.0,0.0,611684.0,NaN,0.0,5.0,168.0,100.0
0.0,2020-06-09 19:59:47,0.0,4.16,15.0,1.0,Poke,Left,6.0,5.0,6.0,144.0,FED9.CSV,0 days 03:52:20,0 days 01:41:51,1.0,1.0,13940.0,55.0,NaN,NaN,0.0,NaN
4.0,2020-06-09 23:47:09,0.0,4.12,15.0,1.0,Poke,Left,34.0,23.0,34.0,20.0,FED9.CSV,0 days 07:39:42,0 days 01:17:32,1.0,1.0,27582.0,20.0,18.0,28.0,4.0,60.86956521739131
8.0,2020-06-10 02:55:59,0.0,4.09,15.0,1.0,Poke,Left,41.0,25.0,41.0,6.0,FED9.CSV,0 days 10:48:32,0 days 01:58:53,1.0,1.0,38912.0,6.0,2.0,7.0,8.0,77.77777777777779
12.0,2020-06-10 06:45:14,0.0,4.07,15.0,1.0,Poke,Left,54.0,33.0,54.0,13.0,FED9.CSV,0 days 14:37:47,0 days 01:20:32,1.0,1.0,52667.0,13.0,8.0,13.0,12.0,61.904761904761905
16.0,2020-06-10 09:47:12,0.0,4.05,4.0,1.0,Poke,Left,56.0,35.0,56.0,9.0,FED9.CSV,0 days 17:39:45,0 days 02:37:41,1.0,0.0,63585.0,9.0,2.0,2.0,16.0,50.0
20.0,2020-06-10 15:38:27,0.0,4.03,4.0,1.0,Poke,Left,62.0,35.0,62.0,2.0,FED9.CSV,0 days 23:31:00,0 days 03:18:15,0.0,0.0,84660.0,2.0,0.0,6.0,20.0,100.0
24.0,2020-06-10 20:04:55,0.0,4.02,15.0,1.0,Poke,Left,72.0,35.0,72.0,7.0,FED9.CSV,1 days 03:57:28,0 days 02:51:16,0.0,1.0,100648.0,7.0,0.0,10.0,24.0,100.0
28.0,2020-06-10 23:57:08,0.0,4.01,15.0,1.0,Poke,Left,92.0,44.0,92.0,6.0,FED9.CSV,1 days 07:49:41,0 days 01:03:33,1.0,1.0,114581.0,6.0,9.0,20.0,28.0,68.96551724137932
32.0,2020-06-11 03:37:58,0.0,4.0,17.0,1.0,Poke,Left,108.0,48.0,108.0,1516.0,FED9.CSV,1 days 11:30:31,0 days 01:14:45,1.0,1.0,127831.0,6.0,4.0,16.0,32.0,80.0
36.0,2020-06-11 06:30:45,0.0,3.98,15.0,1.0,Poke,Left,122.0,52.0,122.0,226.0,FED9.CSV,1 days 14:23:18,0 days 00:56:06,1.0,1.0,138198.0,12.0,4.0,14.0,36.0,77.77777777777779
40.0,2020-06-11 12:03:59,0.0,3.95,2.0,1.0,Poke,Left,125.0,54.0,125.0,4.0,FED9.CSV,1 days 19:56:32,0 days 02:40:53,1.0,0.0,158192.0,4.0,2.0,3.0,40.0,60.0
44.0,2020-06-11 14:49:22,0.0,3.94,2.0,1.0,Poke,Left,127.0,56.0,127.0,11.0,FED9.CSV,1 days 22:41:55,0 days 02:34:57,1.0,0.0,168115.0,11.0,2.0,2.0,44.0,50.0
48.0,2020-06-11 20:03:59,0.0,3.91,15.0,1.0,Poke,Left,141.0,62.0,141.0,16.0,FED9.CSV,2 days 03:56:32,0 days 02:35:02,1.0,1.0,186992.0,16.0,6.0,14.0,48.0,70.0
52.0,2020-06-12 00:01:13,0.0,3.91,15.0,1.0,Poke,Left,155.0,64.0,155.0,29.0,FED9.CSV,2 days 07:53:46,0 days 01:07:06,1.0,1.0,201226.0,29.0,2.0,14.0,52.0,87.5
56.0,2020-06-12 03:42:02,0.0,3.89,15.0,1.0,Poke,Left,170.0,68.0,170.0,6.0,FED9.CSV,2 days 11:34:35,0 days 00:49:16,1.0,1.0,214475.0,6.0,4.0,15.0,56.0,78.94736842105263
60.0,2020-06-12 07:42:52,0.0,3.87,15.0,1.0,Poke,Left,181.0,72.0,181.0,316.0,FED9.CSV,2 days 15:35:25,0 days 01:22:47,1.0,1.0,228925.0,17.0,4.0,11.0,60.0,73.33333333333333
64.0,2020-06-12 10:12:43,0.0,3.85,4.0,1.0,Poke,Left,183.0,73.0,183.0,255.0,FED9.CSV,2 days 18:05:16,0 days 02:24:58,1.0,0.0,237916.0,2.0,1.0,2.0,64.0,66.66666666666666
68.0,2020-06-12 15:09:05,0.0,3.84,17.0,1.0,Poke,Left,186.0,73.0,186.0,613.0,FED9.CSV,2 days 23:01:38,0 days 02:34:37,0.0,0.0,255698.0,32.0,0.0,3.0,68.0,100.0
72.0,2020-06-12 19:54:06,0.0,3.82,4.0,1.0,Poke,Left,197.0,76.0,196.0,1057.0,FED9.CSV,3 days 03:46:39,0 days 03:13:17,1.0,1.0,272799.0,6.0,3.0,11.0,72.0,78.57142857142857
76.0,2020-06-13 00:05:16,0.0,3.82,19.0,1.0,Poke,Left,216.0,84.0,216.0,1654.0,FED9.CSV,3 days 07:57:49,0 days 00:28:43,1.0,1.0,287869.0,15.0,8.0,19.0,76.0,70.37037037037037
80.0,2020-06-13 03:07:44,0.0,3.79,19.0,1.0,Poke,Left,226.0,87.0,226.0,8.0,FED9.CSV,3 days 11:00:17,0 days 00:46:19,1.0,1.0,298817.0,8.0,3.0,10.0,80.0,76.92307692307693
84.0,2020-06-13 06:16:05,0.0,3.77,15.0,1.0,Poke,Left,235.0,90.0,235.0,5.0,FED9.CSV,3 days 14:08:38,0 days 01:09:15,1.0,1.0,310118.0,5.0,3.0,9.0,84.0,75.0
88.0,2020-06-13 10:45:00,0.0,3.73,15.0,1.0,Poke,Left,237.0,91.0,237.0,6.0,FED9.CSV,3 days 18:37:33,0 days 04:19:05,1.0,0.0,326253.0,6.0,1.0,2.0,88.0,66.66666666666666
92.0,2020-06-13 15:00:53,0.0,3.73,4.0,1.0,Poke,Left,240.0,91.0,240.0,5.0,FED9.CSV,3 days 22:53:26,0 days 02:21:39,0.0,0.0,341606.0,5.0,0.0,3.0,92.0,100.0
96.0,2020-06-13 20:07:12,0.0,3.69,15.0,1.0,Poke,Left,252.0,98.0,252.0,1611.0,FED9.CSV,4 days 03:59:45,0 days 02:17:07,1.0,1.0,359985.0,11.0,7.0,12.0,96.0,63.1578947368421
100.0,2020-06-13 23:56:42,0.0,3.68,15.0,1.0,Poke,Left,275.0,111.0,275.0,1424.0,FED9.CSV,4 days 07:49:15,0 days 00:28:37,1.0,1.0,373755.0,37.0,13.0,23.0,100.0,63.888888888888886
104.0,2020-06-14 04:06:25,0.0,3.67,20.0,1.0,Poke,Left,290.0,114.0,290.0,1470.0,FED9.CSV,4 days 11:58:58,0 days 00:27:51,1.0,1.0,388738.0,9.0,3.0,15.0,104.0,83.33333333333334
108.0,2020-06-14 06:38:09,0.0,3.65,20.0,1.0,Poke,Left,298.0,118.0,298.0,11.0,FED9.CSV,4 days 14:30:42,0 days 00:33:29,1.0,1.0,397842.0,11.0,4.0,8.0,108.0,66.66666666666666
112.0,2020-06-14 10:54:23,0.0,3.64,4.0,1.0,Poke,Left,301.0,118.0,301.0,3.0,FED9.CSV,4 days 18:46:56,0 days 04:05:04,0.0,0.0,413216.0,3.0,0.0,3.0,112.0,100.0
116.0,2020-06-14 15:49:47,0.0,3.62,15.0,1.0,Poke,Left,304.0,118.0,304.0,2.0,FED9.CSV,4 days 23:42:20,0 days 02:37:48,0.0,0.0,430940.0,2.0,0.0,3.0,116.0,100.0
120.0,2020-06-14 19:56:23,0.0,3.62,20.0,1.0,Poke,Left,318.0,120.0,317.0,648.0,FED9.CSV,5 days 03:48:56,0 days 01:40:11,1.0,1.0,445736.0,60.0,2.0,14.0,120.0,87.5
124.0,2020-06-14 23:59:59,0.0,3.61,18.0,1.0,Poke,Left,335.0,125.0,335.0,684.0,FED9.CSV,5 days 07:52:32,0 days 00:57:26,1.0,1.0,460352.0,6.0,5.0,17.0,124.0,77.27272727272727
128.0,2020-06-15 03:50:32,0.0,3.61,20.0,1.0,Poke,Left,347.0,141.0,347.0,482.0,FED9.CSV,5 days 11:43:05,0 days 00:55:52,1.0,1.0,474185.0,6.0,16.0,12.0,128.0,42.857142857142854
132.0,2020-06-15 07:11:31,0.0,3.6,20.0,1.0,Poke,Left,356.0,143.0,356.0,3.0,FED9.CSV,5 days 15:04:04,0 days 00:51:53,1.0,1.0,486244.0,3.0,2.0,9.0,132.0,81.81818181818183
136.0,2020-06-15 10:32:49,0.0,3.59,35.0,1.0,Poke,Left,358.0,143.0,358.0,1.0,FED9.CSV,5 days 18:25:22,0 days 03:10:27,0.0,0.0,498322.0,1.0,0.0,2.0,136.0,100.0
140.0,2020-06-15 12:57:04,0.0,3.58,2.0,1.0,Poke,Left,359.0,143.0,359.0,1.0,FED9.CSV,5 days 20:49:37,0 days 02:24:10,0.0,0.0,506977.0,1.0,0.0,1.0,140.0,100.0
144.0,2020-06-15 16:23:07,0.0,3.58,2.0,1.0,Poke,Left,361.0,143.0,361.0,2.0,FED9.CSV,6 days 00:15:40,0 days 03:19:51,0.0,0.0,519340.0,2.0,0.0,2.0,144.0,100.0
